Licence Number,Licence Description,Licence Type,Licence Status,Licensee,Additional Licensee,Trading Name,Dtf Location,Start Date,Expiry Date,Council Area
5816,Licensing Act 2003,Premises Licence,Granted,Mrs Yun-Hong Guo,,China Royal,"12 Queensway, Bognor Regis, West Sussex, PO21 1QT",07/11/2005,,
5817,Licensing Act 2003,Premises Licence,Granted,Ms Doreen Rosemary Stubbings,,Selwood Lodge,"SELWOOD LODGE, 93, Victoria Drive, BOGNOR REGIS, West Sussex, PO21 2DZ",24/11/2005,,
5836,Licensing Act 2003,Premises Licence,Granted,Rustington Golf Centre Ltd,,Rustington Golf Centre,"RUSTINGTON GOLF CENTRE, Golfers Lane, Angmering, LITTLEHAMPTON, West Sussex, BN16 4NB",02/11/2015,,
5861,Licensing Act 2003,Premises Licence,Granted,Pagham Village Hall Trust,,Pagham Village Hall/village Pre-school,"PAGHAM VILLAGE HALL, Pagham Road, Pagham, BOGNOR REGIS, West Sussex, PO21 4NJ",24/11/2005,,
5862,Licensing Act 2003,Premises Licence,Granted,Felpham Memorial Village Hall - Felpham Village Hall Committee,,Felpham Memorial Village Hall,"VILLAGE HALL, 17 - 19, Vicarage Lane, Felpham, BOGNOR REGIS, West Sussex, PO22 7DZ",07/11/2005,,
6327,Licensing Act 2003,Premises Licence,Granted,UMUT 2010 Ltd - The Sussex Fryer,,The Sussex Fryer,"23 West Street, BOGNOR REGIS, West Sussex, PO21 1XA",24/05/2010,,Arun
6346,Licensing Act 2003,Premises Licence,Granted,Mrs Samantha Jane Walker,,Arundel Brewery Ltd,"Unit C7 And C10, Ford Airfield Industrial Estate, Rollaston Park, Ford, Arundel, West Sussex, BN18 0HY",25/11/2016,,Arun
6350,Licensing Act 2003,Premises Licence,Granted,Findon Village Hall Trust,,Findon Village Hall,"FINDON VILLAGE HALL, High Street, Findon, West Sussex",05/06/2014,,
6385,Licensing Act 2003,Premises Licence,Granted,Mr Dhawal Rameshchandra Shah,,Seaview Stores/t/a Range Help,"114 - 116 Sea Road, East Preston, Littlehampton, West Sussex, BN16 1NN",24/11/2005,,
6392,Licensing Act 2003,Premises Licence,Granted,Messrs David & Gary Hughes,,Bilsham Stores,"BILSHAM STORES, Bilsham Road, Yapton, ARUNDEL, West Sussex, BN18 0JG",07/11/2005,,Arun
6397,Licensing Act 2003,Premises Licence,Granted,Bersted Parish Council,,Senior's Luncheon Club,"COMMUNITY CENTRE, Chalcraft Lane, Bersted, BOGNOR REGIS, West Sussex, PO21 5TU",07/11/2005,,
6398,Licensing Act 2003,Premises Licence,Granted,Jubilee Village Hall Committee,,Jubilee Hall,"VILLAGE HALL, Elmer Road, Middleton-on-sea, West Sussex",24/11/2005,,Arun
6402,Licensing Act 2003,Premises Licence,Granted,Beachcroft Hotels Ltd,,Beachcroft Hotel & Restaurant,"BEACHCROFT HOTEL, Clyde Road, Felpham, BOGNOR REGIS, West Sussex, PO22 7AH",30/08/2018,,
6406,Licensing Act 2003,Premises Licence,Granted,Messrs K Sangaraseelan & K Indralingam,,C J S Food & News (best One),"1A, WOKING COURT, Guildford Road, Rustington, LITTLEHAMPTON, West Sussex, BN16 3RP",10/09/2015,,
6408,Licensing Act 2003,Premises Licence,Surrendered,Bairds Farm Shop Ltd,,Bairds Farm Shop Ltd,"Bairds Farm Shop, Crookthorn Lane, Climping, Littlehampton, West Sussex, BN17 5SN",13/05/2013,,Arun
6410,Licensing Act 2003,Premises Licence,Granted,Bourdin Noir Ltd,,Gun Inn,"THE GUN INN, High Street, Findon, WORTHING, West Sussex, BN14 0TA",09/12/2010,,Arun
6414,Licensing Act 2003,Premises Licence,Granted,West Meads Community Association,,West Meads Community Centre,"Community Centre, The Precinct, Aldwick, Bognor Regis, West Sussex, PO21 5SB",24/11/2005,,
6422,Licensing Act 2003,Premises Licence,Granted,Mr Joshy Joseph,,Hirange Supermarkets,"FUN AND WAI CONVENIENCE STORE, Westergate Street, Westergate, CHICHESTER, West Sussex, PO20 3QZ",03/08/2016,,Arun
6424,Licensing Act 2003,Premises Licence,Granted,Jd Wetherspoon PLC,,The George Inn,"14 - 18 Surrey Street, LITTLEHAMPTON, West Sussex, BN17 5BG",19/11/2017,,Arun
6425,Licensing Act 2003,Premises Licence,Granted,Burpham Village Committee,,Burpham Village Hall,"Burpham Village Hall, The Street, Burpham, Arundel, West Sussex, BN18 9RR",07/11/2005,,
6432,Licensing Act 2003,Premises Licence,Granted,Imolott Limited,,Norfolk Arms Hotel,"Norfolk Arms Hotel, 22, High Street, Arundel, West Sussex, BN18 9AB",02/01/2018,,
6435,Licensing Act 2003,Premises Licence,Granted,Bayship Ltd,,Aviator Bar & Restaurant (carlton Hotel),"THE CARLTON HOTEL, The Esplanade, BOGNOR REGIS, West Sussex, PO21 1NF",06/02/2018,,Arun
6443,Licensing Act 2003,Premises Licence,Suspended,Mr Michael Kavalieros,,River Breeze Restaurant,"56 - 57 Pier Road, LITTLEHAMPTON, West Sussex, BN17 5LP",24/11/2005,,Arun
6444,Licensing Act 2003,Premises Licence,Granted,Mrs M Patel,,Corner Shop,"109 - 111 Felpham Road, Felpham, BOGNOR REGIS, West Sussex, PO22 7PW",19/07/2013,,Arun
6453,Licensing Act 2003,Premises Licence,Granted,Punch Partnerships (PTL) Ltd,,Friary Arms,"FRIARY ARMS, Shripney Road, BOGNOR REGIS, West Sussex, PO22 9LN",05/03/2018,,
6454,Licensing Act 2003,Premises Licence,Granted,Addlott Ltd,,Kings Arms,"KINGS ARMS, 36, Tarrant Street, ARUNDEL, West Sussex, BN18 9DN",24/11/2005,,
6457,Licensing Act 2003,Premises Licence,Granted,Mrs Samantha Smith Mr Ian Smith,,Maypole Inn,"The Maypole Inn, Maypole Lane, Yapton, Arundel, West Sussex, BN18 0DP",05/11/2017,,
6464,Licensing Act 2003,Premises Licence,Granted,David Kibble Wines,,David Kibble Wines,"4, Orchard Crescent, Arundel Road, Fontwell, Arundel, West Sussex, BN18 0SD",24/11/2005,,
6466,Licensing Act 2003,Premises Licence,Granted,Mr Manuel Quirosa,,Restaurante Andalucia,"58 Ferring Street, Ferring, Worthing, West Sussex, BN12 5JP",09/02/2018,,
6468,Licensing Act 2003,Premises Licence,Granted,Mr Aziz Yagmur,,Charcoal Grill,"18 High Street, LITTLEHAMPTON, West Sussex, BN17 5EE",06/06/2016,,
6470,Licensing Act 2003,Premises Licence,Granted,Favourite Uk Pizza Ltd,,Favourite Pizza,"8A High Street, LITTLEHAMPTON, West Sussex, BN17 5EE",05/03/2018,,Arun
6483,Licensing Act 2003,Premises Licence,Granted,Punch Partnerships (PTL) Ltd,,Red Lion,"The Red Lion, 45, High Street, Arundel, West Sussex, BN18 9AG",05/03/2018,,Arun
6484,Licensing Act 2003,Premises Licence,Granted,Mrs Yuen Ting Wylie Bayley,,China Dragon Takeaway,"12, ROYAL PARADE, Central Avenue, Bersted, BOGNOR REGIS, West Sussex, PO21 5AJ",28/06/2013,,
6486,Licensing Act 2003,Premises Licence,Granted,Bognor Freemasons Hall Ltd,,Gordon Centre (masonic Hall),"MASONIC HALL, 9, Canada Grove, BOGNOR REGIS, West Sussex, PO21 1DW",24/11/2005,,Arun
6490,Licensing Act 2003,Premises Licence,Granted,Tracey Elizabeth Coombs,,Waterloo Inn,"WATERLOO INN, 14, Waterloo Square, BOGNOR REGIS, West Sussex, PO21 1SU",09/08/2011,,Arun
6499,Licensing Act 2003,Premises Licence,Granted,Mr J Mcelhatton & Mrs D Mcelhatton,,The Windmill,"THE WINDMILL INN, Mill Lane, Rustington, LITTLEHAMPTON, West Sussex, BN16 3JN",21/02/2014,,
6503,Licensing Act 2003,Premises Licence,Granted,Mr Graham Abbot,,Climping Village Hall,"Climping Village Hall, Bridge Road, Climping, Littlehampton, West Sussex, BN17 5SN",04/11/2011,,
6519,Licensing Act 2003,Premises Licence,Granted,Leisureplex Ltd,,Royal Norfolk Hotel,"The Royal Norfolk Hotel, The Esplanade, Bognor Regis, West Sussex, PO21 2LH",11/09/2017,,Arun
6529,Licensing Act 2003,Premises Licence,Granted,Angmering Village Hall Trustee,,Angmering Village Hall,"ANGMERING VILLAGE HALL, Station Road, Angmering, West Sussex",24/11/2005,,
6537,Licensing Act 2003,Premises Licence,Granted,Felpham George Inn Ltd,,The George Inn,"THE GEORGE, 102, Felpham Road, Felpham, BOGNOR REGIS, West Sussex, PO22 7PL",22/09/2009,,Arun
6541,Licensing Act 2003,Premises Licence,Granted,The Littlehampton Academy,,Littlehampton Academy,"THE LITTLEHAMPTON ACADEMY, Fitzalan Road, LITTLEHAMPTON, West Sussex, BN17 6FE",29/04/2010,,
6560,Licensing Act 2003,Premises Licence,Granted,Sunny Garden,,Sunny Garden,"31 Station Road, Bognor Regis, West Sussex, PO21 1QD",25/01/2017,,Arun
6567,Licensing Act 2003,Premises Licence,Granted,Spirit Pub Company (Services) Ltd,,The Martlets,"THE MARTLETS PUBLIC HOUSE, Aldwick Road, Aldwick, BOGNOR REGIS, West Sussex, PO21 3AD",17/03/2016,,
6569,Licensing Act 2003,Premises Licence,Granted,East Preston Parish Council,,East Preston Village Hall / Bay Tree Lunch Club,"VILLAGE HALL, Sea Road, East Preston, LITTLEHAMPTON, West Sussex, BN16 1LP",02/04/2013,,
6575,Licensing Act 2003,Premises Licence,Granted,Messrs K Miah & A Hoque,,Bengal Tandoori,"116 - 120 Downs Way, East Preston, LITTLEHAMPTON, West Sussex, BN16 1AF",24/11/2005,,
6576,Licensing Act 2003,Premises Licence,Granted,Mr T H Green,,Dizzy Ducklings,"COMMUNITY CENTRE, 90, Pryors Lane, Aldwick, BOGNOR REGIS, West Sussex, PO21 4JF",24/11/2005,,
6577,Licensing Act 2003,Premises Licence,Granted,M A Majid M J R Majid & A Ali,,Magna Tandoori,"33 Argyle Road, BOGNOR REGIS, West Sussex, PO21 1EB",24/11/2005,,Arun
6580,Licensing Act 2003,Premises Licence,Granted,Mr L X Lin,,Dragon,"125 Sea Lane, Rustington, LITTLEHAMPTON, West Sussex, BN16 2SG",01/03/2013,,
6581,Licensing Act 2003,Premises Licence,Granted,Mrs Carole Susan Austin,,The George And Dragon,"GEORGE AND DRAGON, The Street, Houghton, ARUNDEL, West Sussex, BN18 9LW",01/10/2009,,
6590,Licensing Act 2003,Premises Licence,Granted,Mr Srisarvendran Thedchanamoorthy,,London Stores,"51A London Road, BOGNOR REGIS, West Sussex, PO21 1DG",23/10/2013,,
6592,Licensing Act 2003,Premises Licence,Granted,South Coast Foods Ltd,,McDonalds Restaurant,"MCDONALDS RESTAURANT, Lyminster Road, Lyminster, LITTLEHAMPTON, West Sussex, BN17 7QQ",19/03/2017,,
6598,Licensing Act 2003,Premises Licence,Granted,Aldwick Parochial Church,,Mosse Memorial Hall - Dizzy Ducklings,"MOSSE MEMORIAL HALL, St Richards Way, Aldwick, BOGNOR REGIS, West Sussex, PO21 3BD",24/11/2005,,
6600,Licensing Act 2003,Premises Licence,Granted,Beckwell Ltd,,Bailiffscourt Hotel & Spa,"Bailiffscourt Hotel, Climping Street, Climping, Littlehampton, West Sussex, BN17 5RW",24/11/2005,,
6609,Licensing Act 2003,Premises Licence,Granted,Wealden Leisure Ltd,,Freedom Leisure (windmill Theatre),"WINDMILL COMPLEX, Coastguard Road, LITTLEHAMPTON, West Sussex, BN17 5LH",11/08/2016,,
6610,Licensing Act 2003,Premises Licence,Granted,Mr K J Morris,,Floral Fayre,"Shop 5, Grassmere Parade, Felpham Road, Felpham, Bognor Regis, West Sussex, PO22 7NT",24/11/2005,,
6615,Licensing Act 2003,Premises Licence,Granted,Ms M D Kataria,,Coopers Stores (londis),"6 Norfolk Road, LITTLEHAMPTON, West Sussex, BN17 5PL",16/02/2017,,
6620,Licensing Act 2003,Premises Licence,Granted,Mr Mark James Robinson,,Pallant Wines,"15 - 17 High Street, Arundel, West Sussex, BN18 9AD",04/05/2018,,
6629,Licensing Act 2003,Premises Licence,Granted,Mr Nurul Islam,,Monsoon,"5, STERLING PARADE, The Street, Rustington, LITTLEHAMPTON, West Sussex, BN16 3DR",24/11/2005,,Arun
6639,Licensing Act 2003,Premises Licence,Granted,Mr Mustafa Bagli,,Kebab Centre,"301 Chichester Road, Bersted, BOGNOR REGIS, West Sussex, PO21 5AL",24/11/2005,,Arun
6642,Licensing Act 2003,Premises Licence,Granted,Mrs Loreta Stojanovski,,Golden Parrot Club,"4, SELBORNE PLACE, Selborne Road, LITTLEHAMPTON, West Sussex, BN17 5NH",24/11/2005,,
6644,Licensing Act 2003,Premises Licence,Granted,Mr Petre Stojanovski,,Vardar Restaurant,"3, SELBORNE PLACE, Selborne Road, LITTLEHAMPTON, West Sussex, BN17 5NH",24/11/2005,,
6647,Licensing Act 2003,Premises Licence,Granted,KD Enterprise Trades Limited - Premier Linden Stores,,Linden Road Stores,"5 Linden Road, Bognor Regis, West Sussex, PO21 2AL",28/09/2017,,Arun
6650,Licensing Act 2003,Premises Licence,Suspended,Brighton Thai Restaurants Limited - Tuptim Siam,,Tuptim Siam Thai Restaurant,"6 - 7, Lansdowne House, The Esplanade, Bognor Regis, West Sussex, PO21 1TR",07/04/2017,,Arun
6651,Licensing Act 2003,Premises Licence,Granted,Mrs Beverley Giacopazzi,,Lamb Inn,"THE LAMB INN, Steyne Street, BOGNOR REGIS, West Sussex, PO21 1TJ",18/06/2018,,
6656,Licensing Act 2003,Premises Licence,Granted,Mr Sinan Kalan,,Sylvan Oak,"SYLVAN OAK RESTAURANT, The Square, Findon, WORTHING, West Sussex, BN14 0TE",05/05/2015,,Arun
6658,Licensing Act 2003,Premises Licence,Granted,Mr & Mrs Jayarajah,,Hillside Stores,"1 Hill Terrace, Arundel, West Sussex, BN18 9LA",24/11/2005,,
6659,Licensing Act 2003,Premises Licence,Granted,Chris Lane Leisure (Holdings),,Lanes Health Club,"HEALTH CLUB, Golfers Lane, Angmering, LITTLEHAMPTON, West Sussex, BN16 4NB",14/06/2017,,Arun
6671,Licensing Act 2003,Premises Licence,Granted,Mr George Kuchczynski,,Piccola Italia,"24 Surrey Street, LITTLEHAMPTON, West Sussex, BN17 5BG",24/11/2005,,
6674,Licensing Act 2003,Premises Licence,Granted,Arundel Hospitality Inn Ltd - Integral Leisure Ltd,,Comfort Inn,"COMFORT INN, Lyminster Road, Lyminster, LITTLEHAMPTON, West Sussex, BN17 7QQ",13/09/2012,,
6684,Licensing Act 2003,Premises Licence,Granted,Mr Mikin Patel,,Costcutters,"124 - 128 Downs Way, East Preston, LITTLEHAMPTON, West Sussex, BN16 1AF",24/11/2005,,
6689,Licensing Act 2003,Premises Licence,Granted,Mr Harshad Patel,,Premier Felpham Bazaar,"5 - 7 Felpham Road, Felpham, Bognor Regis, West Sussex, PO22 7AS",08/10/2010,,Arun
6695,Licensing Act 2003,Premises Licence,Granted,Pebble Hotels Ltd,,White Swan,"THE WHITE SWAN HOTEL, Chichester Road, ARUNDEL, West Sussex, BN18 0AD",29/10/2015,,Arun
6696,Licensing Act 2003,Premises Licence,Granted,Mr Paul Crease,,The Arun View Inn,"ARUN VIEW INN, Wharf Road, LITTLEHAMPTON, West Sussex, BN17 5DD",31/03/2006,,
6697,Licensing Act 2003,Premises Licence,Granted,Mr & Mrs Kavallierou,,47 Mussel Row,"MUSSEL HOUSE, Pier Road, LITTLEHAMPTON, West Sussex, BN17 5LP",27/08/2013,,Arun
6704,Licensing Act 2003,Premises Licence,Granted,St Marys Church Hall,,St Mary's Church Hall,"CLIMPING CHURCH HALL, Church Lane, Climping, LITTLEHAMPTON, West Sussex, BN17 5RB",24/11/2005,,
6707,Licensing Act 2003,Premises Licence,Granted,Mrs Louise Caroline Crawford,,The Spur,"THE SPUR PUBLIC HOUSE, London Road, Slindon, ARUNDEL, West Sussex, BN18 0NE",01/12/2010,,
6717,Licensing Act 2003,Premises Licence,Granted,Mr A Levtov,,Regis School Of Music,"46 Sudley Road, BOGNOR REGIS, West Sussex, PO21 1ER",24/11/2005,,
6719,Licensing Act 2003,Premises Licence,Granted,Punch Partnerships (PTL) Ltd,,The Lamb Inn,"THE LAMB INN, 144, Pagham Road, Pagham, BOGNOR REGIS, West Sussex, PO21 4NJ",05/03/2018,,Arun
6725,Licensing Act 2003,Premises Licence,Granted,Mr P T Englefield & Mrs A J F Englefield,,Highdown Vineyard,"HIGHDOWN VINEYARD, Littlehampton Road, Ferring, WORTHING, West Sussex, BN12 6PG",21/01/2011,,
6728,Licensing Act 2003,Premises Licence,Granted,The Parsons Table Restaurant,,Parsons Table,"Units 2 And 8, Castle Mews, Tarrant Street, Arundel, West Sussex, BN18 9DG",21/10/2015,,Arun
6730,Licensing Act 2003,Premises Licence,Granted,Trustees Of Slindon Coronation Hall,,Coronation Hall,"SLINDON CORONATION HALL, Reynolds Lane, Slindon, ARUNDEL, West Sussex, BN18 0QT",24/11/2005,,
6734,Licensing Act 2003,Premises Licence,Granted,Heywood & Bryett Ltd,,Ship & Anchor Public House,"SHIP AND ANCHOR, Station Road, Ford, ARUNDEL, West Sussex, BN18 0BJ",10/11/2010,,
6738,Licensing Act 2003,Premises Licence,Granted,South Coast Inns Ltd,,Angmering Manor,"ANGMERING MANOR, High Street, Angmering, LITTLEHAMPTON, West Sussex, BN16 4AG",31/10/2016,,Arun
6740,Licensing Act 2003,Premises Licence,Granted,Thai Pan 2005 Ltd,,Thai Pan,"96 Chichester Road, BOGNOR REGIS, West Sussex, PO21 5AA",24/11/2005,,
6742,Licensing Act 2003,Premises Licence,Granted,Mr Matthew D A Becker,,Beresford,"THE BERESFORD PUBLIC HOUSE, 53 - 55, Elmer Road, Middleton-on-sea, BOGNOR REGIS, West Sussex, PO22 6EH",30/08/2017,,Arun
6755,Licensing Act 2003,Premises Licence,Granted,Walberton Village Hall,,Walberton Village Hall / Playing Fields,"WALBERTON VILLAGE HALL, The Street, Walberton, West Sussex",24/11/2005,,
6758,Licensing Act 2003,Premises Licence,Granted,Yapton Community Hall Trustees,,Yapton & Ford Village Hall,"The Yapton And Ford Village Hall, Main Road, Yapton, Arundel, West Sussex, BN18 0ET",24/08/2010,,
6759,Licensing Act 2003,Premises Licence,Granted,Tei Jian Wei,,Millennium Dragon,"32 Tarrant Street, ARUNDEL, West Sussex, BN18 9DJ",24/11/2005,,
6760,Licensing Act 2003,Premises Licence,Granted,Mr A Uzun,,Golden Grill,"11 Felpham Road, Felpham, Bognor Regis, West Sussex, PO22 7AS",17/01/2013,,Arun
6767,Licensing Act 2003,Premises Licence,Granted,Peter Arnett,,Crown Bingo & Social Club,"64 London Road, BOGNOR REGIS, West Sussex, PO21 1PT",22/07/2017,,
6775,Licensing Act 2003,Premises Licence,Granted,Mr Steven Jack Morrell,,Dewdrop Inn,"THE DEW DROP INN, 96, Wick Street, LITTLEHAMPTON, West Sussex, BN17 7JS",24/11/2005,,
6781,Licensing Act 2003,Premises Licence,Surrendered,Mrs Mandy Sommerford,,Panama Joe's,"8 - 10 Arcade Road, Littlehampton, West Sussex, BN17 5AP",19/04/2017,,Arun
6784,Licensing Act 2003,Premises Licence,Granted,Shiria Begum,,Cardamom Bay,"43 - 45 Queensway, Bognor Regis, West Sussex, PO21 1QN",13/12/2017,,
6788,Licensing Act 2003,Premises Licence,Granted,Gonjom Ltd - Bognor Charcoal Grill,,Bognor Regis Charcoal Grill,"33 Station Road, Bognor Regis, West Sussex, PO21 1QD",29/01/2015,,Arun
6789,Licensing Act 2003,Premises Licence,Suspended,Mr R Heagarty,,"Pier Hotel, Bar & Diner (Belle Vue Hotel)","Belle Vue Hotel, Waterloo Square, Bognor Regis, West Sussex, PO21 1TA",09/09/2016,,Arun
6796,Licensing Act 2003,Premises Licence,Granted,Peel Leisure & Co Ltd,,Steam Packet,"THE STEAM PACKET, 54, River Road, LITTLEHAMPTON, West Sussex, BN17 5BZ",09/11/2015,,
6799,Licensing Act 2003,Premises Licence,Granted,Hawthorn Supermarket Ltd,,Spar,"53 Hawthorn Road, Bognor Regis, West Sussex, PO21 2BW",21/03/2018,,Arun
6800,Licensing Act 2003,Premises Licence,Granted,Mr Mustafa Sen,,Sen Med Tapas Bar,"6 Sudley Road, BOGNOR REGIS, West Sussex, PO21 1EU",24/11/2005,,Arun
6804,Licensing Act 2003,Premises Licence,Granted,Mr Matab Miah,,Tandoori Nights,"35 Sea Lane, Rustington, LITTLEHAMPTON, West Sussex, BN16 2RD",24/11/2005,,
6809,Licensing Act 2003,Premises Licence,Granted,Mr R Gunaratnam,,Gallent Store,"8, Madeira Parade, Madeira Avenue, Bognor Regis, West Sussex, PO22 8DX",25/08/2016,,Arun
6817,Licensing Act 2003,Premises Licence,Granted,The Fish Factory (Littlehampton),,Fish Factory,"5 - 7 East Street, LITTLEHAMPTON, West Sussex, BN17 6AU",10/07/2009,,
6821,Licensing Act 2003,Premises Licence,Granted,The Rector And Churchwardens,,St Marys Centre,"ST MARYS CENTRE, Grassmere Close, Felpham, BOGNOR REGIS, West Sussex, PO22 7NU",26/05/2017,,Arun
6822,Licensing Act 2003,Premises Licence,Granted,Hall and Woodhouse Ltd,,Black Rabbit Inn,"The Black Rabbit Inn, Mill Road, South Stoke, Arundel, West Sussex, BN18 9PB",19/08/2016,,
6826,Licensing Act 2003,Premises Licence,Granted,Butlers Arundel Ltd,,Butlers,"Butlers Bar And Restaurant, 25, Tarrant Street, Arundel, West Sussex, BN18 9DG",31/08/2017,,Arun
6831,Licensing Act 2003,Premises Licence,Granted,Harvey & Son (Lewes) Ltd,,White Hart Public House,"White Hart, 12, Queen Street, Arundel, West Sussex, BN18 9JG",06/09/2011,,
6839,Licensing Act 2003,Premises Licence,Granted,One Stop Stores Ltd,,One Stop Community Stores,"3 - 4, DURLSTON PARADE, Durlston Drive, Bersted, BOGNOR REGIS, West Sussex, PO22 9DJ",30/03/2015,,
6845,Licensing Act 2003,Premises Licence,Granted,Mr Ling Kang Hang,,China Palace,"67 High Street, Arundel, West Sussex, BN18 9AJ",24/11/2005,,Arun
6846,Licensing Act 2003,Premises Licence,Granted,Mr Nadarajah Tharmarajah,,T & S Food And Wine,"69 Lyminster Road, Wick, LITTLEHAMPTON, West Sussex, BN17 7LF",24/11/2005,,
6847,Licensing Act 2003,Premises Licence,Granted,Mr Aklak Uzzaman Malik,,Simla Tandoori,"Shop 4, Grassmere Parade, Felpham Road, Felpham, Bognor Regis, West Sussex, PO22 7NT",24/11/2005,,Arun
6851,Licensing Act 2003,Premises Licence,Granted,Mr Muhammed Yousuf Islam,,Passage To India,"15 The Square, Barnham, BOGNOR REGIS, West Sussex, PO22 0HB",24/11/2005,,
6853,Licensing Act 2003,Premises Licence,Granted,Barnham Trading Post Ltd,,Barnham Trading Post,"BARNHAM TRADING POST, Barnham Road, Eastergate, BOGNOR REGIS, West Sussex, PO22 0ES",24/11/2005,,
6856,Licensing Act 2003,Premises Licence,Granted,Ferring Parish Council,,Ferring Village Hall,"Village Hall, 90, Ferring Street, Ferring, Worthing, West Sussex, BN12 5JP",24/11/2005,,
6860,Licensing Act 2003,Premises Licence,Granted,Mr Aslan Bozyigit,,Best Kebab And Burger Bar,"12 Beach Road, Littlehampton, West Sussex, BN17 5HT",24/11/2005,,Arun
6879,Licensing Act 2003,Premises Licence,Granted,Management Committee,,Clapham & Patching Village Hall,"Clapham And Patching Village Hall, Long Furlong, Patching, Worthing, West Sussex, BN13 3UT",08/08/2012,,
6881,Licensing Act 2003,Premises Licence,Granted,Mr Prajay Patel,,Arundel Park Hotel,"Arundel Park Hotel, The Causeway, Arundel, West Sussex, BN18 9JL",24/11/2005,,
6884,Licensing Act 2003,Premises Licence,Granted,DPSK Ltd,,Domino's Pizzas,"19 Station Road, Bognor Regis, West Sussex, PO21 1QD",31/07/2015,,
6889,Licensing Act 2003,Premises Licence,Granted,Mr E Rahman & Mr N Islam,,Reema,"130 Sea Road, East Preston, Littlehampton, West Sussex, BN16 1NN",24/04/2017,,Arun
6907,Licensing Act 2003,Premises Licence,Granted,Mrs C S Barnes,,Pagham Beach Club,"The Pagham Club, 2, West Front Road, Pagham, Bognor Regis, West Sussex, PO21 4SY",03/12/2015,,Arun
6909,Licensing Act 2003,Premises Licence,Surrendered,Mrs J F Penticost & Mr S J Penticost,,Burpham Country House,"BURPHAM COUNTRY HOUSE, The Street, Burpham, ARUNDEL, West Sussex, BN18 9RJ",24/11/2005,,
6910,Licensing Act 2003,Premises Licence,Granted,Mr Muhib Miah,,India Gate,"3 - 5 Mill Lane, ARUNDEL, West Sussex, BN18 9AH",10/03/2014,,
6912,Licensing Act 2003,Premises Licence,Granted,Rustington Church Hall,,Rustington Hall,"ST PETER AND SAINT PAULS CHURCH HALL, The Street, Rustington, LITTLEHAMPTON, West Sussex, BN16 3NL",24/11/2005,,
6917,Licensing Act 2003,Premises Licence,Granted,Mr Naresh Pendkar,,Subway,"21 High Street, BOGNOR REGIS, West Sussex, PO21 1RS",18/07/2016,,
6925,Licensing Act 2003,Premises Licence,Granted,Ms Sue Holland,,Oakhurst Gardens Social Club,"RUSTINGTON HALL NURSING HOME, Station Road, Rustington, LITTLEHAMPTON, West Sussex, BN16 3AY",09/11/2010,,
6942,Licensing Act 2003,Premises Licence,Granted,Mr Sithar Miah,,New Tandoori Gate Ltd,"58 Felpham Road, Felpham, Bognor Regis, West Sussex, PO22 7NZ",24/11/2005,,Arun
6943,Licensing Act 2003,Premises Licence,Granted,The Fire Fighters Charity,,Fire Fighters Charity,"THE RONNIE GREENE WING FIRE SERVICES NATIONAL BENE, MARINE COURT, Fitzalan Road, LITTLEHAMPTON, West Sussex, BN17 5NF",30/05/2014,,Arun
6945,Licensing Act 2003,Premises Licence,Granted,Mr Mahir Yilmaz,,Barnham Kebab & Pizza House,"19 The Square, Barnham, BOGNOR REGIS, West Sussex, PO22 0HB",29/11/2010,,Arun
6948,Licensing Act 2003,Premises Licence,Suspended,Zeera Lounge Ltd,,Zeera Lounge,"293 Chichester Road, Bersted, BOGNOR REGIS, West Sussex, PO21 5AL",02/02/2016,,Arun
6951,Licensing Act 2003,Premises Licence,Granted,Sugarhiccup Ltd,,Mamma Mia,"31 Nyewood Lane, Aldwick, BOGNOR REGIS, West Sussex, PO21 2QB",08/09/2009,,
6973,Licensing Act 2003,Premises Licence,Granted,Mr A Smith,,St Nicholas Church,"St Nicholas Parish Church, London Road, Arundel, West Sussex, BN18 9AT",27/05/2016,,Arun
7006,Licensing Act 2003,Premises Licence,Granted,The Governing Body Of South Bersted C Of E School,,Chartwells At South Bersted C E School,"SOUTH BERSTED CHURCH OF ENGLAND PRIMARY SCHOOL, Church Lane, BOGNOR REGIS, West Sussex, PO22 9PZ",15/02/2006,,
7013,Licensing Act 2003,Premises Licence,Granted,Bognor Regis Methodist Church,,Joyce's Pantry,"BOGNOR REGIS METHODIST CHURCH, Waterloo Square, BOGNOR REGIS, West Sussex, PO21 1ST",31/01/2006,,
7027,Licensing Act 2003,Premises Licence,Granted,Wealden Leisure Ltd,,Arun Leisure Centre,"ARUN LEISURE CENTRE, Felpham Way, Felpham, BOGNOR REGIS, West Sussex, PO22 8ED",01/04/2016,,
7040,Licensing Act 2003,Premises Licence,Granted,Arun District Council,,Langmeads Recreation Ground,"RECREATION GROUND, Sea Road, East Preston, West Sussex",01/03/2006,,
7041,Licensing Act 2003,Premises Licence,Granted,Arun District Council,,,"KING GEORGE V RECREATION GROUND, Summerley Lane, Felpham, West Sussex",01/03/2006,,
7042,Licensing Act 2003,Premises Licence,Granted,Arun District Council,,Sp8 Sampling Site,"WEST PARK, Silverston Avenue, Aldwick, West Sussex",01/03/2006,,
7043,Licensing Act 2003,Premises Licence,Granted,Arun District Council,,,"AVISFORD RECREATION GROUND, Nyetimber Lane, Aldwick, West Sussex",01/03/2006,,
7044,Licensing Act 2003,Premises Licence,Granted,Arun District Council,,Caffyns Field,"CAFFYNS FIELD, St Catherines Road, Littlehampton, West Sussex",01/03/2006,,
7045,Licensing Act 2003,Premises Licence,Granted,Arun District Council,,,"STREET RECORD, The Promenade, Littlehampton, West Sussex",25/06/2013,,
7046,Licensing Act 2003,Premises Licence,Granted,Arun District Council,,Hampshire Avenue Recreation Ground,"HAMPSHIRE AVENUE RECREATION GROUND, Hampshire Avenue, Bognor Regis, West Sussex",01/03/2006,,
7047,Licensing Act 2003,Premises Licence,Granted,Arun District Council,,Hotham Park & Band Stand,"HOTHAM PARK, High Street, Bognor Regis, West Sussex",01/03/2006,,
7049,Licensing Act 2003,Premises Licence,Granted,Arun District Council,,,"JUBILEE GARDENS, Mill Road, Arundel, West Sussex",01/03/2006,,
7050,Licensing Act 2003,Premises Licence,Granted,Arun District Council,,Southfields Recreation Ground,"SOUTHFIELDS RECREATION GROUND, Southfields Road, Littlehampton, West Sussex",01/03/2006,,
7051,Licensing Act 2003,Premises Licence,Granted,Arun District Council,,,"BEACON BRAZIER, The Esplanade, Bognor Regis, West Sussex",01/03/2006,,
7096,Licensing Act 2003,Premises Licence,Granted,Mrs Rosemary Jane Appleby,,Bishop Tufnell School,"BISHOP TUFNELL C OF E JUNIOR AND INFANT SCHOOL, Pennyfields, Felpham, BOGNOR REGIS, West Sussex, PO22 6BN",03/04/2006,,
7207,Licensing Act 2003,Premises Licence,Granted,University Of Chichester,,University College Chichester - Bognor Campus,"UNIVERSITY OF CHICHESTER, Upper Bognor Road, BOGNOR REGIS, West Sussex, PO21 1HR",16/05/2017,,Arun
7209,Licensing Act 2003,Premises Licence,Granted,Mr Fook Seaw,,Penang Village,"106 Sea Road, East Preston, Littlehampton, West Sussex, BN16 1NN",12/06/2006,,
7348,Licensing Act 2003,Premises Licence,Granted,Westergate Community School Campus,,Westergate Community School / Ormiston Academy,"ORMISTON SIX VILLAGES ACADEMY, Lime Avenue, Aldingbourne, CHICHESTER, West Sussex, PO20 3UE",18/08/2006,,
7461,Licensing Act 2003,Premises Licence,Granted,Mrs T H Jago,,Elm Grove Road County Infants,"Littlehampton Day Nursery, Elm Grove Road, Littlehampton, West Sussex, BN17 6AH",17/10/2006,,
7515,Licensing Act 2003,Premises Licence,Suspended,Mr Allaeddin Saidee,,Mace Express,"1, Houghton House, Kimberry, Littlehampton, West Sussex, BN17 7JD",22/04/2015,,Arun
7558,Licensing Act 2003,Premises Licence,Granted,The Governing Body,,Walberton Binsted C Of E P School,"WALBERTON AND BINSTEAD CHURCH OF ENGLAND SCHOOL, The Street, Walberton, ARUNDEL, West Sussex, BN18 0PH",17/11/2006,,
7681,Licensing Act 2003,Premises Licence,Granted,Haskins Garden Centres Limited,,Haskins Roundstone Garden Centre,"HASKINS ROUNDSTONE, Roundstone-by-pass, Angmering, LITTLEHAMPTON, West Sussex, BN16 4BD",06/12/2010,,
7719,Licensing Act 2003,Premises Licence,Granted,Arun Community Church,,Wickbourne Centre Refresh Trading Ltd,"THE WICKBOURNE CENTRE, Clun Road, Wick, LITTLEHAMPTON, West Sussex, BN17 7DZ",08/03/2007,,
7784,Licensing Act 2003,Premises Licence,Granted,Bognor Regis Town Council,,Bognor Regis Town Council,"STREET RECORD, London Road, Bognor Regis, West Sussex",21/04/2016,,
7869,Licensing Act 2003,Premises Licence,Granted,Baker & Burns Ltd,,Honeypot Cafe,"19 Sea Lane, Rustington, LITTLEHAMPTON, West Sussex, BN16 2RD",07/04/2015,,
7942,Licensing Act 2003,Premises Licence,Granted,Mr Rachen Norraphuthon,,Bangkok Lounge,"73 High Street, BOGNOR REGIS, West Sussex, PO21 1RZ",11/04/2013,,
7947,Licensing Act 2003,Premises Licence,Granted,Mr N K J Patel & Mrs S M Patel,,Walberton News,"1, MAPLE PARADE SHOPS, The Street, Walberton, ARUNDEL, West Sussex, BN18 0PR",15/03/2011,,
8011,Licensing Act 2003,Premises Licence,Granted,Mr Pradipkumar Patel,,The Cabin,"1A, NORFOLK HOUSE, Beach Road, LITTLEHAMPTON, West Sussex, BN17 5HZ",20/09/2007,,
8198,Licensing Act 2003,Premises Licence,Granted,Mr Pragneshkumar Patel,,The Corner Store,"39 - 41 Horsham Road, LITTLEHAMPTON, West Sussex, BN17 6DB",21/01/2014,,
8328,Licensing Act 2003,Premises Licence,Granted,Mr D M Sulimierski,,Queensway,"16 Queensway, Bognor Regis, West Sussex, PO21 1QT",18/03/2016,,Arun
8334,Licensing Act 2003,Premises Licence,Granted,Arun District Council,,Mewsbrook Park Boating Kiosk,"MEWSBROOK PARK, Hendon Avenue, Littlehampton, West Sussex",01/04/2008,,
8337,Licensing Act 2003,Premises Licence,Granted,Mr Jamie Hawkins,,Coastal Coffee Co Ltd,"2, CHURCHILL PARADE, The Street, Rustington, LITTLEHAMPTON, West Sussex, BN16 3DJ",03/04/2008,,
8483,Licensing Act 2003,Premises Licence,Suspended,Hammerpot Brewery Ltd,,Hammerpot Brewery Ltd,"UNIT, 30, THE VINERY, Arundel Road, Poling, ARUNDEL, West Sussex, BN18 9PY",29/07/2008,,Arun
8744,Licensing Act 2003,Premises Licence,Granted,Ms S Elliott,,Partners Cafe,"25A - 25B High Street, Arundel, West Sussex, BN18 9AD",16/03/2009,,
8897,Licensing Act 2003,Premises Licence,Granted,North Bersted Youth & Communit,,North Bersted Youth & Community Centre,"14 North Bersted Street, Bersted, BOGNOR REGIS, West Sussex, PO22 9AD",10/07/2009,,
8958,Licensing Act 2003,Premises Licence,Granted,Angmering Community Ctr Assc,,Angmering Community Centre,"ANGMERING COMMUNITY CENTRE, Foxwood Avenue, Angmering, LITTLEHAMPTON, West Sussex, BN16 4FU",31/07/2009,,Arun
9139,Licensing Act 2003,Premises Licence,Granted,Age Uk West Sussex,,Tamarisk Centre,"Tamarisk Centre, 42, Beach Road, Littlehampton, West Sussex, BN17 5HT",15/09/2009,,
9140,Licensing Act 2003,Premises Licence,Granted,Age Uk West Sussex,,Laburnum Centre,"LABURNUM CENTRE, Lyon Street, BOGNOR REGIS, West Sussex, PO21 1UX",15/09/2009,,
9188,Licensing Act 2003,Premises Licence,Granted,Bognor Regis Town Football Club,,Seasons,"BOGNOR REGIS FOOTBALL CLUB, Nyewood Lane, BOGNOR REGIS, West Sussex, PO21 2TY",28/07/2017,,
9290,Licensing Act 2003,Premises Licence,Surrendered,Fusion Events Group Uk Limited,,Fusion Events Group Uk Ltd,"2 Lennox Street, BOGNOR REGIS, West Sussex, PO21 1LZ",06/12/2017,,Arun
9352,Licensing Act 2003,Premises Licence,Granted,Divyesh Patel & Kirit Patel,,Wick Newsagents,"137 Wick Street, LITTLEHAMPTON, West Sussex, BN17 7JY",22/12/2009,,
9410,Licensing Act 2003,Premises Licence,Granted,E P Tarbard,,Barnham Parish Hall,"BARNHAM COMMUNITY HALL, Yapton Road, Barnham, BOGNOR REGIS, West Sussex, PO22 0AY",16/01/2010,,
9665,Licensing Act 2003,Premises Licence,Lapsed,Baltic Express Ltd,,Baltic Express,"4, TRUE BLUE PRECINCT, Wick Street, LITTLEHAMPTON, West Sussex, BN17 7JN",08/04/2015,,Arun
9683,Licensing Act 2003,Premises Licence,Granted,L C Baxter & J Jacobs,,Arundel Jailhouse,"Undercroft, Town Hall, Maltravers Street, Arundel, West Sussex, BN18 9AP",06/06/2010,,
9703,Licensing Act 2003,Premises Licence,Granted,Wickbourne County Infant School,,Chartwells At White Meadows Primary Academy,"White Meadows Primary School, Whitelea Road, Littlehampton, West Sussex, BN17 7JL",14/06/2010,,
9778,Licensing Act 2003,Premises Licence,Granted,Peter Lee & Mabella Lee-Hang,,Chopsticks Restaurant,"9 - 11 Beach Road, LITTLEHAMPTON, West Sussex, BN17 5HZ",21/07/2010,,
9826,Licensing Act 2003,Premises Licence,Granted,Mr Barjindar Singh Majhail,,News Plus,"STORE REAR OF 9 STATION PARADE, Station Road, Rustington, West Sussex",02/08/2010,,Arun
9851,Licensing Act 2003,Premises Licence,Granted,Mr Robin Parker,,,"STREET RECORD, The Esplanade, Bognor Regis, West Sussex",03/06/2013,,Arun
10000,Licensing Act 2003,Premises Licence,Granted,Mr Chandran Sasikumar,,Grande Wines Ltd,"27 Nyewood Lane, Aldwick, BOGNOR REGIS, West Sussex, PO21 2QB",19/10/2017,,Arun
10082,Licensing Act 2003,Premises Licence,Granted,Mr Virginijus Andriejauskas,,Silas,"21 Beach Road, LITTLEHAMPTON, West Sussex, BN17 5JA",21/07/2015,,Arun
10106,Licensing Act 2003,Premises Licence,Granted,Mr A Noor,,So India,"SO INDIA RESTAURANT, THE CORNER HOUSE, Station Road, Rustington, LITTLEHAMPTON, West Sussex, BN16 3AF",07/01/2011,,
10138,Licensing Act 2003,Premises Licence,Granted,Miss Denise Ann Bull,,Local Offie,"8, Wick Parade, Wick Street, Littlehampton, West Sussex, BN17 7JQ",06/02/2018,,
10176,Licensing Act 2003,Premises Licence,Granted,Mrs P & Mr N Ravikumar,,Premier,"3, THE PANTILES, Ferringham Lane, Ferring, WORTHING, West Sussex, BN12 5NE",19/01/2011,,
10218,Licensing Act 2003,Premises Licence,Surrendered,Charles Helen & Richard Gascoigne-Pees,,Gaskyns,"6 Queen Street, Arundel, West Sussex, BN18 9JG",15/08/2011,,Arun
10227,Licensing Act 2003,Premises Licence,Granted,Empress Leisure Ltd,,Empress,"THE EMPRESS, BALTIC WHARF, Pier Road, LITTLEHAMPTON, West Sussex, BN17 5AD",05/08/2013,,
10246,Licensing Act 2003,Premises Licence,Granted,Mrs M Griggs-Harvey,,Pagham Beach Cafe,"1 Harbour Road, Pagham, BOGNOR REGIS, West Sussex, PO21 4SS",07/03/2011,,Arun
10354,Licensing Act 2003,Premises Licence,Lapsed,Chichester Events Ltd,,Knights Table,"61 High Street, Arundel, West Sussex, BN18 9AJ",13/08/2018,,Arun
10364,Licensing Act 2003,Premises Licence,Granted,Mr Mark Edwin Lynch,,Toast,"FIRST FLOOR FLAT, 2 Norfolk Road, LITTLEHAMPTON, West Sussex, BN17 5PL",27/04/2011,,Arun
10418,Licensing Act 2003,Premises Licence,Granted,Mrs Carole Ward / Clerk of the Council,,Woodlands Centre,"Rustington Parish Council Offices, 34, Woodlands Avenue, Rustington, Littlehampton, West Sussex, BN16 3EY",26/05/2011,,
10528,Licensing Act 2003,Premises Licence,Granted,Jahangir Hussain,,Cinnamon,"2, NORFOLK HOUSE, Beach Road, LITTLEHAMPTON, West Sussex, BN17 5HY",19/09/2011,,Arun
10673,Licensing Act 2003,Premises Licence,Granted,Mr Awal Mahmmued,,Basmati Restaurant,"BASMATI RESTAURANT, Nyton Road, Westergate, CHICHESTER, West Sussex, PO20 3UG",23/09/2011,,Arun
10806,Licensing Act 2003,Premises Licence,Granted,Mrs Sharyn Ann Towers,,Waterside Cafe,"THE WATERSIDE, Mill Road, ARUNDEL, West Sussex, BN18 9PA",21/11/2016,,
10818,Licensing Act 2003,Premises Licence,Granted,East Preston & Kingston Conservative Branch,,Conservative Hall - East Preston,"THE CONSERVATIVE CLUB, 41, Sea Road, East Preston, LITTLEHAMPTON, West Sussex, BN16 1JN",02/11/2011,,Arun
10835,Licensing Act 2003,Premises Licence,Granted,Arun Sports Arena Ford Limited - Football Ltd,,Arun Sports Arena Ltd,"Southern Grainstore, Ford Airfield Industrial Estate, Rollaston Park, Ford, Arundel, West Sussex, BN18 0HY",18/03/2016,,Arun
10881,Licensing Act 2003,Premises Licence,Granted,The Aldingbourne Trust,,Aldingbourne Country Centre,"Aldingbourne Country Centre, Blackmill Lane, Aldingbourne, Chichester, West Sussex, PO18 0JP",29/07/2016,,
10884,Licensing Act 2003,Premises Licence,Suspended,Mr Colin John Bradshaw,,Clock House Deli,"7, THE PARADE, Willowhayne Crescent, East Preston, LITTLEHAMPTON, West Sussex, BN16 1NS",07/04/2015,,Arun
10954,Licensing Act 2003,Premises Licence,Granted,Madehurst Cricket Club,,Madehurst Cricket Club,"THE MADEHURST BOWL, NEW BARN FARM, Madehurst Road, Madehurst, West Sussex",23/12/2011,,Arun
11211,Licensing Act 2003,Premises Licence,Granted,5th Littlehampton Sea Scouts,,Gordon Hall - 5th Littlehampton Sea Scouts,"SEA SCOUTS HEADQUARTERS, Lineside Way, Littlehampton, West Sussex",04/05/2012,,
11491,Licensing Act 2003,Premises Licence,Granted,Hasan Gulsen,,Sibel's Mini Market,"75 Hawthorn Road, BOGNOR REGIS, West Sussex, PO21 2BS",22/10/2012,,
11668,Licensing Act 2003,Premises Licence,Granted,Mrs Debbie Jenkins,,Classics Cafe,"31 High Street, Littlehampton, West Sussex, BN17 5EG",21/11/2012,,
11694,Licensing Act 2003,Premises Licence,Granted,South Coast Foods Ltd,,Mcdonalds,"1A Oldlands Way, Bersted, BOGNOR REGIS, West Sussex, PO22 9SD",21/02/2018,,
11703,Licensing Act 2003,Premises Licence,Granted,Jeneses Limited - Jeneses Community Arts Centre,,Jeneses Arts Centre,"45 Linden Road, BOGNOR REGIS, West Sussex, PO21 2AP",12/11/2012,,Arun
11865,Licensing Act 2003,Premises Licence,Granted,Monte Laguna Ltd,,Domino's Pizza,"9, Wick Parade, Wick Street, Littlehampton, West Sussex, BN17 7JQ",21/01/2013,,Arun
12184,Licensing Act 2003,Premises Licence,Surrendered,Mrs Maria Whitehouse,,Sussex Heritage Centre,"Sussex Heritage Centre, Sefton Place, Warningcamp, Arundel, West Sussex, BN18 9QY",19/06/2013,,Arun
12230,Licensing Act 2003,Premises Licence,Granted,Mr Toby Jenkin,,Long Furlong Barn,"LONG FURLONG BARN, Long Furlong, Clapham, WORTHING, West Sussex, BN13 3XN",22/12/2014,,Arun
12253,Licensing Act 2003,Premises Licence,Suspended,Arundel Festival Ltd - Arundel Town Council,,Arundel Festival,"Street Record, Mill Road, Arundel, West Sussex, BN18 9AD",15/08/2013,,Arun
12574,Licensing Act 2003,Premises Licence,Granted,Ilex Inns Ltd,,The Holly Tree Pub,"THE HOLLY TREE INN, The Street, Walberton, ARUNDEL, West Sussex, BN18 0PH",26/09/2017,,Arun
12605,Licensing Act 2003,Premises Licence,Granted,Zain PH Ltd,,Pizza Hut Delivery,"31 - 33 Queensway, Bognor Regis, West Sussex, PO21 1QN",30/04/2018,,Arun
12872,Licensing Act 2003,Premises Licence,Granted,Arundel Museum Society Ltd,,Arundel Museum & Heritage Centre,"ARUNDEL MUSEUM, Mill Road, ARUNDEL, West Sussex, BN18 9PA",01/04/2014,,
12885,Licensing Act 2003,Premises Licence,Surrendered,Mr Jayesh Dahyalal Purshottam,,Jay's,"47 Horsham Road, LITTLEHAMPTON, West Sussex, BN17 6DB",25/03/2014,,
12898,Licensing Act 2003,Premises Licence,Granted,Juris Frolovs & Kristine Ayers,,Cake Heaven,"110 London Road, Bognor Regis, West Sussex, PO21 1BD",20/09/2017,,
12978,Licensing Act 2003,Premises Licence,Granted,Wealden Leisure Ltd,,Bersted Park Community Centre / Dizzy Ducklings,"BERSTED PARK COMMUNITY CENTRE, Lakeland Avenue, Bersted, BOGNOR REGIS, West Sussex, PO21 5FF",01/04/2016,,
13032,Licensing Act 2003,Premises Licence,Suspended,Sparks Yard General Stores Ltd,,Sparks Yard General Store,"SPARKS YARD, 18, Tarrant Street, ARUNDEL, West Sussex, BN18 9DJ",05/06/2014,,Arun
13173,Licensing Act 2003,Premises Licence,Granted,Out Of Bounds (Rustington) Ltd,,Out Of Bounds,"ACTIVITY CENTRE, RUSTINGTON GOLF CENTRE, Golfers Lane, Angmering, LITTLEHAMPTON, West Sussex, BN16 4NB",02/11/2015,,
13214,Licensing Act 2003,Premises Licence,Granted,Mr Mm M Soni,,Ferring News,"96 Ferring Street, Ferring, Worthing, West Sussex, BN12 5JP",02/03/2017,,Arun
13367,Licensing Act 2003,Premises Licence,Granted,Mr Mujib Rahman,,So India,"INDIA RAJ, 43 Felpham Way, Felpham, BOGNOR REGIS, West Sussex, PO22 8PT",16/10/2014,,Arun
13495,Licensing Act 2003,Premises Licence,Granted,Sweetpeas And Honeybees Boutique Florist,,Sweet Peas & Honey Bees,"13A North Lane, Rustington, LITTLEHAMPTON, West Sussex, BN16 3PF",17/12/2014,,
13714,Licensing Act 2003,Premises Licence,Surrendered,Miss Natalja Repiach,,Wynata,"2 High Street, LITTLEHAMPTON, West Sussex, BN17 5EE",20/05/2015,,Arun
13748,Licensing Act 2003,Premises Licence,Granted,The Gravy Boat Limited,,The Gravy Boat,"46 Pier Road, LITTLEHAMPTON, West Sussex, BN17 5LW",06/05/2015,,
13780,Licensing Act 2003,Premises Licence,Surrendered,Mccoll Ltd,,Mccolls,"1, AVISFORD TERRACE, Rose Green Road, Aldwick, BOGNOR REGIS, West Sussex, PO21 3HB",04/07/2016,,Arun
13980,Licensing Act 2003,Premises Licence,Granted,Mr Barzan Aubid,,Baltic,"3 Richmond Road, Bognor Regis, West Sussex, PO21 1BU",14/10/2015,,Arun
14035,Licensing Act 2003,Premises Licence,Granted,The Contented Pig Pub Co Ltd,,Littlehampton Brewery,"THE TAP AND BARREL, Duke Street, LITTLEHAMPTON, West Sussex, BN17 6EU",14/08/2015,,
14162,Licensing Act 2003,Premises Licence,Granted,Gusto Wines Ltd,,Gusto Wines Ltd,"UNIT 6, FORD LANE BUSINESS PARK, Ford Lane, Ford, ARUNDEL, West Sussex, BN18 0UZ",23/10/2015,,
14792,Licensing Act 2003,Premises Licence,Granted,The Seriously Good Pub Company Ltd,,The Burger Shop,"14 High Street, Arundel, West Sussex, BN18 9AF",17/08/2016,,Arun
15093,Licensing Act 2003,Premises Licence,Granted,Mr Kamyab Sahraee,,Premier Wishfield,"1 Wood Hill Way, Felpham, BOGNOR REGIS, West Sussex, PO22 8GJ",17/01/2017,,Arun
15150,Licensing Act 2003,Premises Licence,Granted,Mr Ali Celik,,Bahar Kebab & Pizza,"25 Surrey Street, LITTLEHAMPTON, West Sussex, BN17 5BD",10/02/2017,,
15373,Licensing Act 2003,Premises Licence,Surrendered,Green Food Market Ltd,,Green Food Market,"33 Chichester Road, BOGNOR REGIS, West Sussex, PO21 2XH",02/06/2017,,Arun
15652,Licensing Act 2003,Premises Licence,Suspended,Mr Ricardo Faidiga,,Tropical Gourmet,"48A High Street, Littlehampton, West Sussex, BN17 5ED",25/09/2017,,Arun
15692,Licensing Act 2003,Premises Licence,Lapsed,Sauropods - The Vegetarian & Vegan Hamper Company Ltd,,Sauropods - Vegan & Vegetarian Hamper Company Ltd,"3 Highdown Drive, LITTLEHAMPTON, West Sussex, BN17 6HJ",01/11/2017,,Arun
15763,Licensing Act 2003,Premises Licence,Granted,Mr David R Bees & Siobhan M Bees,,2 Suns,"5 Biscay Close, LITTLEHAMPTON, West Sussex, BN17 6SW",23/10/2017,,Arun
15780,Licensing Act 2003,Premises Licence,Granted,Mr William Richard Cole,,Bognor Regis Visitor Centre,"TOURIST INFORMATION CENTRE, 1 - 2, PLACE ST MAUR DES FOSSES, Belmont Street, BOGNOR REGIS, West Sussex, PO21 1BJ",24/11/2017,,
15781,Licensing Act 2003,Premises Licence,Granted,Mr Val St John Capon,,Selden Farm B & B,"SELDEN BARNS, SELDEN FARM, Selden Lane, Patching, WORTHING, West Sussex, BN13 3UL",15/12/2017,,
16127,Licensing Act 2003,Premises Licence,Granted,Just Burgers Ltd,,Burgers & Dogs,"51 Pier Road, LITTLEHAMPTON, West Sussex, BN17 5LP",07/03/2018,,Arun
16131,Licensing Act 2003,Premises Licence,Granted,Friends Of Arundel Castle Cricket Club Ltd,,Friends Of Arundel Castle Cricket Club,"ARUNDEL CASTLE CRICKET GROUND, ARUNDEL CASTLE, London Road, Arundel, West Sussex",07/03/2018,,Arun
16165,Licensing Act 2003,Premises Licence,Granted,Mr Mustafa Sen,,T Bone Burger Restaurant,"19 High Street, Bognor Regis, West Sussex, PO21 1RJ",21/03/2018,,Arun
16319,Licensing Act 2003,Premises Licence,Granted,Denmans Anew Ltd,,Denmans Anew Ltd,"DENMANS GARDENS, Denmans Lane, Fontwell, West Sussex",05/05/2018,,
16433,Licensing Act 2003,Premises Licence,Granted,Grub And Gumption Limited,,Grub And Gumption,"126 Sea Road, East Preston, Littlehampton, West Sussex, BN16 1NN",01/07/2018,,
16462,Licensing Act 2003,Premises Licence,Surrendered,Benjamin James & Kerry Fiona Allard,,Fusion Beach Bar,"STREET RECORD, The Esplanade, Bognor Regis, West Sussex",20/06/2018,,Arun
14837,Licensing Act 2003,Premises Licence,Granted,Marston's Plc,,Charlie Purley (Marston's),"THE CHARLIE PURLEY UNIT 2, RAILSIDE RETAIL PARK, Shripney Road, BOGNOR REGIS, West Sussex, PO22 9FL",03/10/2018,,Arun
15661,Licensing Act 2003,Premises Licence,Granted,Broomer Farm Trading Ltd,,The Boathouse,"Boathouse Cafe, Littlehampton Marina, Ferry Road, Littlehampton, West Sussex, BN17 5DS",26/10/2018,,
7107,Licensing Act 2003,Premises Licence,Granted,Arun Arts Company Limited,,The Alexandra,"REGIS CENTRE, Belmont Street, BOGNOR REGIS, West Sussex, PO21 1BL",17/10/2018,,Arun
6709,Licensing Act 2003,Premises Licence,Granted,Miss L Macari & Mrs M Macari,,Fino Restaurant,"3 Flansham Lane, Felpham, BOGNOR REGIS, West Sussex, PO22 6AA",03/04/2019,,Arun
12584,Licensing Act 2003,Premises Licence,Granted,Miss A C H Andrade & Mr B M R Agrela,,Aserio,"14 Beach Road, Littlehampton, West Sussex, BN17 5HT",15/11/2018,,
14482,Licensing Act 2003,Premises Licence,Granted,Mrs Jurgita Skirmantiene,,European Mini Market,"5 Canada Grove, BOGNOR REGIS, West Sussex, PO21 1DW",17/09/2018,,Arun
14482,Licensing Act 2003,Premises Licence,Granted,Mrs Jurgita Skirmantiene,,European Mini Market,"5 Canada Grove, BOGNOR REGIS, West Sussex, PO21 1DW",17/09/2018,,Arun
14482,Licensing Act 2003,Premises Licence,Granted,Mrs Jurgita Skirmantiene,,European Mini Market,"5 Canada Grove, BOGNOR REGIS, West Sussex, PO21 1DW",17/09/2018,,Arun
111341,Licensing Act 2003,Premises Licence,Granted,Pagham Cricket Club,,Pagham Cricket Club,"PAGHAM SPORTS GROUND, Nyetimber Lane, Pagham, BOGNOR REGIS, West Sussex, PO21 3JY",11/01/2019,,Arun
7016,Licensing Act 2003,Premises Licence,Granted,Mitchells and Butlers Leisure Retail Limited,,The Old Stables,"THE OLD STABLES VINTAGE INN, Fontwell Avenue, Eastergate, ARUNDEL, West Sussex, BN18 0SY",14/02/2019,,Arun
111385,Licensing Act 2003,Premises Licence,Granted,The Aldingbourne Trust,,Aldingbourne Country Centre,"Aldingbourne Country Centre, Blackmill Lane, Aldingbourne, Chichester, West Sussex, PO18 0JP",13/08/2018,,Arun
6794,Licensing Act 2003,Premises Licence,Suspended,East And West Taverns Ltd,,Tudor Close Public House & Restaurant,"TUDOR CLOSE, Ferringham Lane, Ferring, WORTHING, West Sussex, BN12 5NQ",11/01/2019,,Arun
6492,Licensing Act 2003,Premises Licence,Granted,Mr Shaun Alexander Mustard,,Mustard Restaurants Ltd,"8 - 10 York Road, Bognor Regis, West Sussex, PO21 1LW",16/11/2018,,Arun
6723,Licensing Act 2003,Premises Licence,Granted,Mr Daksheshkumar Jagdishbhai Patel,,Tudor Newsagency & Store,"2, TUDOR BUILDINGS, Aldwick Street, Aldwick, BOGNOR REGIS, West Sussex, PO21 3AW",14/08/2018,,Arun
8520,Licensing Act 2003,Premises Licence,Granted,Miss Elizabeth Court,Mr Matthew John Ward,West Beach Cafe,"Kiosk West Beach, Rope Walk, Littlehampton, West Sussex, BN17 5DL",17/01/2019,,Arun
6936,Licensing Act 2003,Premises Licence,Granted,Mrs Kathryn Anne Bennett,,Priory Playhouse,"THE PLAYHOUSE, ARUNDEL PRIORY, 2, London Road, ARUNDEL, West Sussex, BN18 9FA",08/09/2020,,Arun
5874,Licensing Act 2003,Premises Licence,Granted,Ms Veronica Smith,Mr Mike Lewis,Aldwick Rooms and Restaurant,"ALDWICK HOTEL, 25 Princess Avenue, Aldwick, BOGNOR REGIS, West Sussex, PO21 2QU",25/01/2019,,Arun
6336,Licensing Act 2003,Premises Licence,Granted,Tower Snooker Club (Littlehampton) Limited,,Coco Lounge,"8 - 10 Clifton Road, LITTLEHAMPTON, West Sussex, BN17 5AS",03/02/2019,,Arun
14754,Licensing Act 2003,Premises Licence,Surrendered,Mr George Kendall,,Whisky Vault Auctions Ltd,"OFFICE 2, ROPE HOUSE, Rope Walk, LITTLEHAMPTON, West Sussex, BN17 5DE",03/04/2019,,Arun
6911,Licensing Act 2003,Premises Licence,Granted,Tesco Stores Limited,,Tesco Express,"82 - 84 Aldwick Road, BOGNOR REGIS, West Sussex, PO21 2PE",04/03/2019,,Arun
11612,Licensing Act 2003,Premises Licence,Granted,Mr Satinder Pal Singh,,Capital News,"13 High Street, Littlehampton, West Sussex, BN17 5EG",20/06/2019,,Arun
10628,Licensing Act 2003,Premises Licence,Granted,Haven Leisure Ltd,,Church Farm Holiday Village,"CHURCH FARM HOLIDAY VILLAGE, Church Lane, Pagham, BOGNOR REGIS, West Sussex, PO21 4NR",08/03/2019,,Arun
13401,Licensing Act 2003,Premises Licence,Granted,Marks & Spencer Simply Food Ltd,,Marks & Spencer Simply Food,"UNIT D, ARUN RETAIL PARK, Shripney Road, BOGNOR REGIS, West Sussex, PO22 9NF",17/04/2019,,Arun
6825,Licensing Act 2003,Premises Licence,Granted,Rishi Stores Limited,,The Newsbox,"SOUTH BERSTED STORES AND POST OFFICE, 62, Gordon Avenue, BOGNOR REGIS, West Sussex, PO22 9LS",02/04/2019,,Arun
6463,Licensing Act 2003,Premises Licence,Granted,Eastergate Parish Hall Management,,Eastergate Parish Hall,"EASTERGATE VILLAGE PARISH HALL, Barnham Road, Eastergate, CHICHESTER, West Sussex, PO20 3RP",24/05/2019,,Arun
6686,Licensing Act 2003,Premises Licence,Granted,Bailiffscourt Limited,,Black Horse Inn,"BLACK HORSE INN, Climping Street, Climping, LITTLEHAMPTON, West Sussex, BN17 5RL",24/05/2019,,Arun
8783,Licensing Act 2003,Premises Licence,Granted,Mr Syed Bably Ahmed,,Masala Lounge,"27 Sea Road, East Preston, LITTLEHAMPTON, West Sussex, BN16 1JN",18/04/2019,,Arun
14179,Licensing Act 2003,Premises Licence,Granted,Barnham and Eastergate Community Trust,,Barnham Community Hall,"BARNHAM COMMUNITY HALL, Yapton Road, Barnham, BOGNOR REGIS, West Sussex, PO22 0AY",06/05/2019,,Arun
6810,Licensing Act 2003,Premises Licence,Granted,Picturedrome Electric Theatre Company Ltd,,Picturedrome Cinema,"PICTUREDROME CINEMA, 51, Canada Grove, BOGNOR REGIS, West Sussex, PO21 1DW",27/04/2019,,Arun
6517,Licensing Act 2003,Premises Licence,Granted,Findon Black Horse Ltd,,Black Horse,"BLACK HORSE INN, High Street, Findon, WORTHING, West Sussex, BN14 0SX",08/05/2019,,Arun
8256,Licensing Act 2003,Premises Licence,Granted,Mr Habib Akbasli,,Broadmark Cafe Bar,"8, Broadmark Parade, Broadmark Lane, Rustington, Littlehampton, West Sussex, BN16 2NE",13/05/2019,,Arun
9373,Licensing Act 2003,Premises Licence,Granted,Haven Leisure Ltd,,Church Farm Holiday Village,"CHURCH FARM HOLIDAY VILLAGE, Church Lane, Pagham, BOGNOR REGIS, West Sussex, PO21 4NR",24/05/2019,,Arun
6520,Licensing Act 2003,Premises Licence,Granted,Le Gouter Limited,,Le Gouter,"21 Tarrant Street, Arundel, West Sussex, BN18 9DG",01/07/2019,,Arun
112340,Licensing Act 2003,Premises Licence,Granted,Zapp Trading UK Ltd,,Campus & Co (Zapp Trading Ltd),"STREET RECORD, Nyton Road, Aldingbourne, West Sussex",18/07/2019,,Arun
6423,Licensing Act 2003,Premises Licence,Granted,Mr A Jones,,Henty Arms,"HENTY ARMS, 2, Ferring Lane, Ferring, WORTHING, West Sussex, BN12 6QY",07/09/2017,,Arun
6431,Licensing Act 2003,Premises Licence,Granted,Mr Bashir Ahamed,,Peri Peri House,"10 - 12 Waterloo Square, BOGNOR REGIS, West Sussex, PO21 1SU",16/08/2019,,Arun
6557,Licensing Act 2003,Premises Licence,Granted,Quick Marketing Ltd,,Hothampton Arms,"THE HOTHAMPTON ARMS, 49, London Road, BOGNOR REGIS, West Sussex, PO21 1PR",18/07/2019,,Arun
14483,Licensing Act 2003,Premises Licence,Granted,Mr Peter Geoffrey Garrett,,The Bluebird Cafe,"THE BLUEBIRD CAFE, South Drive, Ferring, WORTHING, West Sussex, BN12 5QU",15/08/2019,,Arun
6699,Licensing Act 2003,Premises Licence,Granted,Hall and Woodhouse Ltd,,The Lion,"LION HOTEL, Nyetimber Lane, Pagham, BOGNOR REGIS, West Sussex, PO21 3JX",07/08/2019,,Arun
6594,Licensing Act 2003,Premises Licence,Granted,Mr Abdul Wadud,,Spice Paradise,"6 The Parade, Pagham, Bognor Regis, West Sussex, PO21 4TW",15/10/2019,,Arun
13165,Licensing Act 2003,Premises Licence,Granted,Surplus Property Investments Limited,,,"THE SHIP INN, Aldwick Street, Aldwick, BOGNOR REGIS, West Sussex, PO21 3AP",04/09/2020,,Arun
6539,Licensing Act 2003,Premises Licence,Suspended,Mr Gurmej Singh Athwal,,Aldingbourne Post Office,"SHOP AROUND THE CLOCK AND ALDINGBOURNE POST OFFICE, Westergate Street, Westergate, CHICHESTER, West Sussex, PO20 3QL",24/11/2005,,Arun
6608,Licensing Act 2003,Premises Licence,Granted,Punch Taverns Ltd,,The Wilkes Head Ltd,"THE WILKES HEAD, Church Lane, Eastergate, CHICHESTER, West Sussex, PO20 3UT",10/09/2019,,Arun
6968,Licensing Act 2003,Premises Licence,Granted,William Kebab Ltd,,Istanbul Grill,"10 High Street, BOGNOR REGIS, West Sussex, PO21 1SR",11/09/2019,,Arun
8312,Licensing Act 2003,Premises Licence,Granted,Mr Manickavasakar Mayuran,,Wick Parade Mini Market,"3, Wick Parade, Wick Street, Littlehampton, West Sussex, BN17 7JQ",17/09/2019,,Arun
8790,Licensing Act 2003,Premises Licence,Granted,Mr Mateusz Zurek,,Minutka Polish Shop,"1 Longford Road, BOGNOR REGIS, West Sussex, PO21 1AA",27/03/2019,,Arun
8753,Licensing Act 2003,Premises Licence,Granted,Mrs Toksin Afsa,,Little Magna Tandoori,"22 High Street, LITTLEHAMPTON, West Sussex, BN17 5EE",05/11/2019,,Arun
13828,Licensing Act 2003,Premises Licence,Granted,Waitrose Ltd,,Waitrose,"1 - 3 Broadmark Lane, Rustington, Littlehampton, West Sussex, BN16 2NE",25/10/2019,,Arun
14829,Licensing Act 2003,Premises Licence,Suspended,Mrs Tracey J Eley,,Middleton Cafe,"132 Middleton Road, Middleton-on-sea, BOGNOR REGIS, West Sussex, PO22 6DB",02/09/2016,,Arun
113021,Licensing Act 2003,Premises Licence,Granted,Mr Satbir Singh Dhajan,,Arcade Lounge,"8 - 10 Arcade Road, Littlehampton, West Sussex, BN17 5AP",09/12/2019,,Arun
112276,Licensing Act 2003,Premises Licence,Granted,Ham Manor Golf Club Ltd,,Ham Manor Golf Club,"HAM MANOR GOLF CLUB, West Drive, Angmering, LITTLEHAMPTON, West Sussex, BN16 4JE",22/11/2019,,Arun
113160,Licensing Act 2003,Premises Licence,Granted,Mrs Alison Dorian Cockburn,,Cockburn's Tearooms,"43 High Street, Arundel, West Sussex, BN18 9AG",06/01/2020,,Arun
15156,Licensing Act 2003,Premises Licence,Granted,Aldi Stores Ltd,,Aldi,"UNIT 3, MANOR RETAIL PARK RUSTINGTON BYPASS, Rustington, LITTLEHAMPTON, West Sussex, BN16 3FH",21/11/2019,,Arun
6636,Licensing Act 2003,Premises Licence,Granted,Wise Monkeys Ltd,,The Bear Inn,"THE BEAR INN, 237, Pagham Road, Pagham, BOGNOR REGIS, West Sussex, PO21 3QB",02/12/2019,,Arun
12581,Licensing Act 2003,Premises Licence,Granted,Mr Avneet Singh Saluja,,Rustington Convenience Store,"59 - 61 Sea Lane, Rustington, LITTLEHAMPTON, West Sussex, BN16 2RQ",16/12/2019,,Arun
11192,Licensing Act 2003,Premises Licence,Granted,Tesco Stores Limited,,Tesco,"351 Chichester Road, Bersted, BOGNOR REGIS, West Sussex, PO21 5AN",09/12/2019,,Arun
15559,Licensing Act 2003,Premises Licence,Granted,Lemongrass Arun Ltd,,Lemongrass,"50 The Street, Rustington, LITTLEHAMPTON, West Sussex, BN16 3NR",17/01/2020,,Arun
111238,Licensing Act 2003,Premises Licence,Granted,Digby Wine Limited,,Digby Fine English,"55 - 57 High Street, Arundel, West Sussex, BN18 9AJ",02/01/2019,,Arun
6534,Licensing Act 2003,Premises Licence,Granted,Regency Corporation Limited,,The Eagle,"EAGLE INN, 41, Tarrant Street, ARUNDEL, West Sussex, BN18 9DJ",28/01/2020,,Arun
6627,Licensing Act 2003,Premises Licence,Granted,Greene King Retailing Limited,,Prince Of Wales,"THE PRINCE OF WALES, Lidsey Road, Woodgate, CHICHESTER, West Sussex, PO20 3ST",11/02/2020,,Arun
15666,Licensing Act 2003,Premises Licence,Granted,Savers Health & Beauty Ltd,,Savers Health And Beauty,"12 Surrey Street, LITTLEHAMPTON, West Sussex, BN17 5BG",05/02/2018,,Arun
6488,Licensing Act 2003,Premises Licence,Granted,Mr Roger James Tester,,The Star and Garter,"The Star And Garter, 3, The Steyne, Bognor Regis, West Sussex, PO21 1TX",26/03/2020,,Arun
6613,Licensing Act 2003,Premises Licence,Granted,Miss Harriet Hislop,,Harriet's,"1, CHURCHILL PARADE, The Street, Rustington, LITTLEHAMPTON, West Sussex, BN16 3DJ",02/03/2020,,Arun
5841,Licensing Act 2003,Premises Licence,Granted,John Kuriakose,,Larkins Grocery,"35 Tarrant Street, Arundel, West Sussex, BN18 9DG",03/04/2020,,Arun
113706,Licensing Act 2003,Premises Licence,Granted,Kevin Fox,,Gin Genie Distillery Ltd,"8 Columbine Way, LITTLEHAMPTON, West Sussex, BN17 6UX",22/04/2020,,Arun
6522,Licensing Act 2003,Premises Licence,Granted,Beachtown Inns Ltd,,New Inn,"NEW INN, 5, Norfolk Road, LITTLEHAMPTON, West Sussex, BN17 5PL",01/04/2020,,Arun
113728,Licensing Act 2003,Premises Licence,Granted,The Georgi Fin Rustington Ltd,,The Georgi Fin,"106 The Street, Rustington, LITTLEHAMPTON, West Sussex, BN16 3NJ",22/05/2020,,Arun
7313,Licensing Act 2003,Premises Licence,Granted,Arundel Town Council,,Arundel Town Council,"Street Record, High Street, Arundel, West Sussex, BN18 9AP",20/06/2020,,Arun
6819,Licensing Act 2003,Premises Licence,Granted,Peter & Pauline Glasson,,Spar Nyetimber,"211 - 213 Pagham Road, Pagham, BOGNOR REGIS, West Sussex, PO21 3QD",22/04/2020,,Arun
112223,Licensing Act 2003,Premises Licence,Granted,The Standard P Ltd,,The Standard P,"23 Sea Road, East Preston, LITTLEHAMPTON, West Sussex, BN16 1JN",05/06/2020,,Arun
6840,Licensing Act 2003,Premises Licence,Granted,Mr A S Honour & Mrs E M Honour,,The Inglenook Hotel,"INGLENOOK HOTEL, 253 - 255, Pagham Road, Pagham, BOGNOR REGIS, West Sussex, PO21 3QB",23/06/2020,,Arun
6328,Licensing Act 2003,Premises Licence,Granted,Justin Retail Ltd,,Premier,"220 - 222 Chichester Road, Bersted, BOGNOR REGIS, West Sussex, PO21 5BE",27/05/2020,,Arun
14229,Licensing Act 2003,Premises Licence,Granted,Mr Roberto Aru,,Ristorante Al Mare,"2 The Street, East Preston, LITTLEHAMPTON, West Sussex, BN16 1JJ",12/06/2020,,Arun
16369,Licensing Act 2003,Premises Licence,Granted,The Brewhouse At Arundel Ltd,,The Brewhouse,"THE BREWHOUSE, Lyminster Road, Lyminster, West Sussex",14/07/2020,,Arun
9528,Licensing Act 2003,Premises Licence,Granted,Bognor Pier Leisure Ltd - Club Vision,,Legends Sports Bar & Grill/ Club Sheiks/Club Vision,"THE PIER, The Esplanade, BOGNOR REGIS, West Sussex, PO21 1SY",15/07/2020,,Arun
113863,Licensing Act 2003,Premises Licence,Granted,Listers Brewery Limited,,Listers Brewery Ltd,"LOWER BARPHAM FARMHOUSE, LOWER BARPHAM, Michelgrove Lane, Patching, WORTHING, West Sussex, BN13 3XW",03/08/2020,,Arun
113864,Licensing Act 2003,Premises Licence,Granted,Edgcumbe Cafes Limited,,Edge by the Sea,"NORFOLK CAFE, NORFOLK GARDENS LEISURE SPORTS SITE, Sea Road, Littlehampton, West Sussex",28/07/2020,,Arun
113895,Licensing Act 2003,Premises Licence,Granted,Parkers Foodservice LTD,,Parkers Food Service,"UNIT X, RUDFORD INDUSTRIAL ESTATE, Ford Road, Ford, ARUNDEL, West Sussex, BN18 0BF",28/08/2020,,Arun
14191,Licensing Act 2003,Premises Licence,Granted,Tasca De Felgueiras Ltd,,Your Taste,"74 Hawthorn Road, Bognor Regis, West Sussex, PO21 2DD",23/07/2020,,Arun
114019,Licensing Act 2003,Premises Licence,Granted,Mr Mark Lehmann,,Goldmark Craft Beers,"UNIT, 23, THE VINERY, Arundel Road, Poling, ARUNDEL, West Sussex, BN18 9PY",25/09/2020,,Arun
6660,Licensing Act 2003,Premises Licence,Granted,Whitbread Group PLC,,Crossbush Beefeater,"PREMIER INN, Crossbush Lane, Crossbush, ARUNDEL, West Sussex, BN18 9PQ",24/08/2020,,Arun
16036,Licensing Act 2003,Premises Licence,Granted,DP & MM Ltd,,Angelina's Bar & Eatery,"2 Lennox Street, BOGNOR REGIS, West Sussex, PO21 1LZ",25/08/2020,,Arun
6665,Licensing Act 2003,Premises Licence,Granted,Fuller Smith & Turner PLC,,The Elmer Hotel & Pub,"Elmer Hotel, 89, Elmer Road, Middleton-on-sea, Bognor Regis, West Sussex, PO22 6HD",10/09/2020,,Arun
6516,Licensing Act 2003,Premises Licence,Granted,Fuller Smith & Turner PLC,,Royal Oak,"THE ROYAL OAK INN, Pagham Road, Pagham, CHICHESTER, West Sussex, PO20 1LN",10/09/2020,,Arun
6565,Licensing Act 2003,Premises Licence,Granted,Fuller Smith & Turner PLC,,The Swan Hotel,"The Swan Hotel, 27 - 29, High Street, Arundel, West Sussex, BN18 9AG",10/09/2020,,Arun
6542,Licensing Act 2003,Premises Licence,Granted,Fuller Smith & Turner PLC,,The Tudor Tavern,"The Tudor Tavern, 138 - 140, Sea Road, East Preston, Littlehampton, West Sussex, BN16 1NN",10/09/2020,,Arun
114129,Licensing Act 2003,Premises Licence,Granted,Mr Alisan Gundogdu,,Howards Cafe,"17 The Arcade, Bognor Regis, West Sussex, PO21 1LH",06/10/2020,,Arun
10094,Licensing Act 2003,Premises Licence,Granted,Highdown Garden Centre Limited,,Highdown Garden Centre,"HIGHDOWN GARDEN CENTRE, Littlehampton Road, Ferring, WORTHING, West Sussex, BN12 6PW",29/09/2020,,Arun
6513,Licensing Act 2003,Premises Licence,Granted,Ms Angela Phillips,,Unicorn Public House,"THE UNICORN PUBLIC HOUSE, 76, High Street, BOGNOR REGIS, West Sussex, PO21 1RZ",06/10/2020,,Arun
114205,Licensing Act 2003,Premises Licence,Suspended,Julie Connelly,,West Meads Post Office,"10 The Precinct, Aldwick, Bognor Regis, West Sussex, PO21 5SB",11/11/2020,,Arun
6525,Licensing Act 2003,Premises Licence,Granted,Mr Nilaan Puvirajasingam,,Grande Wines,"73 Felpham Road, Felpham, BOGNOR REGIS, West Sussex, PO22 7PA",19/10/2020,,Arun
14800,Licensing Act 2003,Premises Licence,Granted,Loungers UK Limited,,Establo Lounge,"1 Ash Lane, Rustington, LITTLEHAMPTON, West Sussex, BN16 3BU",09/10/2020,,Arun
112374,Licensing Act 2003,Premises Licence,Granted,Harbour Lights (Littlehampton) Ltd,,Harbour Lights Cafe,"THE LOOK AND SEA CENTRE, Surrey Street, LITTLEHAMPTON, West Sussex, BN17 5AW",28/10/2020,,Arun
9182,Licensing Act 2003,Premises Licence,Granted,Lobster Pot (Bognor Regis) Ltd,,Lobster Pot Cafe,"THE LOBSTER POT, Canning Road, Felpham, BOGNOR REGIS, West Sussex, PO22 7AD",28/10/2020,,Arun
6688,Licensing Act 2003,Premises Licence,Granted,Mr C S R Smith & Mrs V A Smith,,Black Horse,"BLACK HORSE INN, Binsted Lane, Walberton, ARUNDEL, West Sussex, BN18 0LP",27/11/2020,,Arun
9499,Licensing Act 2003,Premises Licence,Granted,Iceland Foods Ltd,,Iceland,"19 - 23 Surrey Street, LITTLEHAMPTON, West Sussex, BN17 5AY",20/10/2020,,Arun
111958,Licensing Act 2003,Premises Licence,Granted,Edgcumbe Tea and Coffee Ltd,,The Edge Cafe,"TEA AND COFFEE SHOP, WICKS FARM HOUSE, Ford Lane, Ford, ARUNDEL, West Sussex, BN18 0DF",14/12/2020,,Arun
114266,Licensing Act 2003,Premises Licence,Granted,One Stop Stores Limited,,One Stop,"THE SHIP INN, Aldwick Street, Aldwick, BOGNOR REGIS, West Sussex, PO21 3AP",23/02/2021,,Arun
10030,Licensing Act 2003,Premises Licence,Granted,Findon Garden Centre,,Findon Garden Centre,"FINDON GARDEN CENTRE, Findon Road, Findon, WORTHING, West Sussex, BN14 0TL",06/01/2021,,Arun
114454,Licensing Act 2003,Premises Licence,Granted,Claire Simmonds,,Mopani Trading,"Unit D1, Ford Airfield Industrial Estate, Rollaston Park, Ford, Arundel, West Sussex, BN18 0HY",18/02/2021,,Arun
13243,Licensing Act 2003,Premises Licence,Granted,Rodrigues Portuguese Grill Ltd,,Portuguese Grill,"33 High Street, Littlehampton, West Sussex, BN17 5EG",12/12/2020,,Arun
11573,Licensing Act 2003,Premises Licence,Granted,Johanna Maria Van Akkeren,,House Arundel,"11 High Street, Arundel, West Sussex, BN18 9AD",16/02/2021,,Arun
114510,Licensing Act 2003,Premises Licence,Granted,Phoenix Frozen Foods Ltd,,Phoenix Frozen Foods,"UNIT, 56, THE VINERY, Arundel Road, Poling, ARUNDEL, West Sussex, BN18 9PY",25/03/2021,,Arun
10305,Licensing Act 2003,Premises Licence,Suspended,Mr S V Young,,Rustington Manor,"RUSTINGTON MANOR HOTEL AND RESTAURANT, 12, Broadmark Lane, Rustington, LITTLEHAMPTON, West Sussex, BN16 2HH",19/02/2021,,Arun
13537,Licensing Act 2003,Premises Licence,Granted,Tesco Stores Limited,,Tesco,"15 - 17 Station Road, Bognor Regis, West Sussex, PO21 1QD",16/03/2021,,Arun
114659,Licensing Act 2003,Premises Licence,Granted,Alistair Morrell,,Cider Is Wine Ltd,"UNIT K, RIVERSIDE INDUSTRIAL ESTATE, Bridge Road, LITTLEHAMPTON, West Sussex, BN17 5DF",28/04/2021,,Arun
114678,Licensing Act 2003,Premises Licence,Granted,Ms Christine Coe,,Rita's Cafe,"Rope Walk, Littlehampton, West Sussex, BN17 5DE",07/05/2021,,Arun
6747,Licensing Act 2003,Premises Licence,Granted,Mr Justin Watkins,,The Spotted Cow,"THE SPOTTED COW, High Street, Angmering, LITTLEHAMPTON, West Sussex, BN16 4AW",20/04/2021,,Arun
114697,Licensing Act 2003,Premises Licence,Granted,Thusyanthan Thiyagarajah,,Kingley Gate Bay,"86 Benjamin Gray Drive, LITTLEHAMPTON, West Sussex, BN17 7FA",18/05/2021,,Arun
9685,Licensing Act 2003,Premises Licence,Granted,Mrs Jessica Olivia Clifton,,Fig,"10, CHURCHILL COURT, 112 - 114, The Street, Rustington, LITTLEHAMPTON, West Sussex, BN16 3DA",28/05/2021,,Arun
114741,Licensing Act 2003,Premises Licence,Suspended,Mr George Mitchell,,Mitchell's Travel - Not Just Coffee,"2 London Road, BOGNOR REGIS, West Sussex, PO21 1QU",23/06/2021,,Arun
114749,Licensing Act 2003,Premises Licence,Granted,Megan Grover,,Lulamae's Cafe,"13 High Street, Arundel, West Sussex, BN18 9AD",07/06/2021,,Arun
6540,Licensing Act 2003,Premises Licence,Granted,Co-Operative Group Food Ltd - Dept 10227 - Licensing,,Co-op,"15 - 17 Queen Street, Arundel, West Sussex, BN18 9JG",05/05/2021,,Arun
15408,Licensing Act 2003,Premises Licence,Granted,Mr Michael John Newton-Young,,Chez Moi,"49 Aldwick Road, Bognor Regis, West Sussex, PO21 2NJ",23/06/2017,,Arun
113774,Licensing Act 2003,Premises Licence,Granted,Miss Sally Jane Beituni,,The Resourceful Squirrel,"RED LION BUILDINGS, High Street, Angmering, LITTLEHAMPTON, West Sussex, BN16 4AE",30/06/2021,,Arun
6568,Licensing Act 2003,Premises Licence,Granted,Lillywhite Pub Group Ltd,,The Fox Inn,"THE FOX INN, Waterloo Road, Felpham, BOGNOR REGIS, West Sussex, PO22 7EH",14/06/2021,,Arun
114908,Licensing Act 2003,Premises Licence,Granted,Home Grown Hotels Ltd,,The Pig in the South Downs,"MADEHURST LODGE, Madehurst Road, Madehurst, ARUNDEL, West Sussex, BN18 0NL",16/07/2021,,Arun
114910,Licensing Act 2003,Premises Licence,Granted,Mr GOKHAN GUNDESOGLU,,GO'S ESPRESSO BAR,"KIOSK 1, 21, The Square, Barnham, BOGNOR REGIS, West Sussex, PO22 0HB",22/07/2021,,Arun
6410,Licensing Act 2003,Premises Licence,Granted,Boudin Noir ltd,,Boudin noir ltd,"THE GUN INN, High Street, Findon, WORTHING, West Sussex, BN14 0TA",09/12/2010,,Arun
6508,Licensing Act 2003,Premises Licence,Granted,Mr Mark Lane,,The Felpham Tap LTD,"THATCHED HOUSE INN, 8, Limmer Lane, Felpham, BOGNOR REGIS, West Sussex, PO22 7EJ",27/08/2018,,Arun
6772,Licensing Act 2003,Premises Licence,Granted,Motor Fuel Limited,,Bognor Regis Service Station,"PETROL FILLING STATION, 97 Felpham Way, Felpham, BOGNOR REGIS, West Sussex, PO22 8QB",18/02/2021,,Arun
13171,Licensing Act 2003,Premises Licence,Granted,Co-Operative Group Food Ltd - Dept 10227 - Licensing,,Co-operative Food,"The Coop, The Parade, Pagham, Bognor Regis, West Sussex, PO21 4TW",13/11/2019,,Arun
6505,Licensing Act 2003,Premises Licence,Granted,Punch Partnerships (PTL) Ltd,,Locomotive,"LOCOMOTIVE INN, 74, Lyminster Road, Wick, LITTLEHAMPTON, West Sussex, BN17 7LW",05/03/2018,,Arun
15706,Licensing Act 2003,Premises Licence,Granted,Mr Jamie Boyle,,The Dog & Duck,"65 High Street, Bognor Regis, West Sussex, PO21 1RY",08/07/2021,,Arun
115068,Licensing Act 2003,Premises Licence,Granted,Karen Hope,,Suga'kane,"7 York Road, Bognor Regis, West Sussex, PO21 1LW",13/08/2021,,Arun
6345,Licensing Act 2003,Premises Licence,Granted,Mitchells and Butlers Leisure Retail Limited,,The Oystercatcher,"THE OYSTERCATCHER, Yapton Road, Climping, LITTLEHAMPTON, West Sussex, BN17 5RU",23/07/2021,,Arun
6872,Licensing Act 2003,Premises Licence,Granted,Fontwell Park Steeplechase Ltd,,Fontwell Park Racecourse,"FONTWELL PARK RACECOURSE, Arundel Road, Fontwell, ARUNDEL, West Sussex, BN18 0SX",12/04/2019,,Arun
15706,Licensing Act 2003,Premises Licence,Granted,Mr Jamie Boyle,,The Dog and Duck,"65 High Street, Bognor Regis, West Sussex, PO21 1RY",13/08/2021,,Arun
6543,Licensing Act 2003,Premises Licence,Granted,Hotel Hardwicke Ltd,,William Hardwicke,"THE WILLIAM HARDWICKE, 12, High Street, BOGNOR REGIS, West Sussex, PO21 1SR",13/08/2021,,Arun
6708,Licensing Act 2003,Premises Licence,Granted,Stars Pubs & Bars,,Station,"The Station Public House, 26, Station Road, Bognor Regis, West Sussex, PO21 1QF",09/08/2021,,Arun
6455,Licensing Act 2003,Premises Licence,Granted,Co-Operative Group Food Ltd - Dept 10227 - Licensing,,Co-op,"2 Nyetimber Lane, Aldwick, BOGNOR REGIS, West Sussex, PO21 3HG",11/08/2021,,Arun
115278,Licensing Act 2003,Premises Licence,Granted,Picturedrome Electric Theatre Company Ltd,,Picturedrome Dining Room,"1A Linden Road, Bognor Regis, West Sussex, PO21 2AL",30/09/2021,,Arun
6465,Licensing Act 2003,Premises Licence,Granted,Nisanthan Navaraththinam,,AA mini market,"112 Clun Road, Wick, LITTLEHAMPTON, West Sussex, BN17 7ER",09/09/2021,,Arun
6555,Licensing Act 2003,Premises Licence,Granted,Hawthorn Leisure Ltd,,The Crown,"The Crown Hotel, 29, High Street, Littlehampton, West Sussex, BN17 5EG",20/10/2021,,Arun
115398,Licensing Act 2003,Premises Licence,Granted,Brewz Bar Limited,,Bangerz 'n' Burgerz,"144 - 146 The Street, Rustington, LITTLEHAMPTON, West Sussex, BN16 3DA",04/10/2021,,Arun
115415,Licensing Act 2003,Premises Licence,Granted,The Trustees Slindon Coronation Hall,,Coronation Hall,"SLINDON CORONATION HALL, Reynolds Lane, Slindon, ARUNDEL, West Sussex, BN18 0QT",06/11/2021,,Arun
6446,Licensing Act 2003,Premises Licence,Granted,Punch Partnerships (PTL) Ltd,,The Royal Oak,"THE ROYAL OAK PUBLIC HOUSE, 336, Chichester Road, Bersted, BOGNOR REGIS, West Sussex, PO21 5JF",11/10/2021,,Arun
6427,Licensing Act 2003,Premises Licence,Granted,Southern Co-Operative Ltd,,Co-op,"74 - 78 Ferring Street, Ferring, Worthing, West Sussex, BN12 5JP",14/10/2021,,Arun
14715,Licensing Act 2003,Premises Licence,Granted,Butlins Skyline Limited,,Butlins Resort,"Butlins, Upper Bognor Road, Bognor Regis, West Sussex, PO21 1JJ",19/11/2021,,Arun
115531,Licensing Act 2003,Premises Licence,Granted,University Of Chichester,,University Of Chichester,"UNIVERSITY OF CHICHESTER, Upper Bognor Road, BOGNOR REGIS, West Sussex, PO21 1HR",25/10/2021,,Arun
6500,Licensing Act 2003,Premises Licence,Granted,Mitchells and Butlers Leisure Retail Limited,,The Wheatsheaf,"THE WHEATSHEAF, 85, Hawthorn Road, BOGNOR REGIS, West Sussex, PO21 2BE",08/11/2021,,Arun
6428,Licensing Act 2003,Premises Licence,Granted,Jd Wetherspoon PLC,,The Hatters Inn,"The Hatters Inn, 2 - 10, Queensway, Bognor Regis, West Sussex, PO21 1QT",19/11/2021,,Arun
13667,Licensing Act 2003,Premises Licence,Granted,Mr Thomas Barnes,,Hotham Park Cafe,"HOTHAM PARK CAFE, HOTHAM PARK, High Street, Bognor Regis, West Sussex",30/12/2021,,Arun
115715,Licensing Act 2003,Premises Licence,Granted,Mr Thomas Barnes,,The Lobster Pot,"THE LOBSTER POT, Canning Road, Felpham, BOGNOR REGIS, West Sussex, PO22 7AD",30/12/2021,,Arun
8186,Licensing Act 2003,Premises Licence,Granted,University Of Chichester,,The Hub,"UNIVERSITY OF CHICHESTER, Upper Bognor Road, BOGNOR REGIS, West Sussex, PO21 1HR",24/12/2021,,Arun
115797,Licensing Act 2003,Premises Licence,Granted,Lamstone Ltd,,The Stone Room,"Restaurant, The Square, Angmering, Littlehampton, West Sussex, BN16 4EA",05/02/2022,,Arun
6550,Licensing Act 2003,Premises Licence,Granted,Fuller Smith & Turner PLC,,The Murrell Arms,"THE MURRELL ARMS, Yapton Road, Barnham, BOGNOR REGIS, West Sussex, PO22 0AS",07/01/2022,,Arun
115359,Licensing Act 2003,Premises Licence,Granted,Miss Charlotte George,,Caf Grey,"26 Felpham Road, Felpham, Bognor Regis, West Sussex, PO22 7AZ",11/01/2022,,Arun
6739,Licensing Act 2003,Premises Licence,Granted,Mr Mehmet Karakus,,Best Kebab,"18 Queensway, Bognor Regis, West Sussex, PO21 1QT",25/09/2020,,Arun
6630,Licensing Act 2003,Premises Licence,Granted,Tesco Stores Limited,,Tesco Stores Limited,"TESCO SUPERSTORE, Shripney Road, BOGNOR REGIS, West Sussex, PO22 9ND",25/01/2022,,Arun
6705,Licensing Act 2003,Premises Licence,Granted,Mr Thomas Peter Edward GARRETT,,Belinda's,"13 Tarrant Street, Arundel, West Sussex, BN18 9DG",31/01/2022,,Arun
12374,Licensing Act 2003,Premises Licence,Granted,Mr Beston Hussain Mohammad,,Eu Supermarket,"49 High Street, Bognor Regis, West Sussex, PO21 1RX",13/03/2014,,Arun
6473,Licensing Act 2003,Premises Licence,Granted,Licensing,,One Stop Community Stores,"41 Elmer Road, Middleton-on-sea, BOGNOR REGIS, West Sussex, PO22 6DZ",04/12/2015,,Arun
6756,Licensing Act 2003,Premises Licence,Granted,Mitchells and Butlers Leisure Retail Limited,,Windmill Harvester,"THE WINDMILL HARVESTER, Coastguard Road, LITTLEHAMPTON, West Sussex, BN17 5LH",14/02/2022,,Arun
114028,Licensing Act 2003,Premises Licence,Granted,Mr Halkaout Faizulai,,Bucharest Supermarket,"70 London Road, BOGNOR REGIS, West Sussex, PO21 1PT",09/02/2022,,Arun
7915,Licensing Act 2003,Premises Licence,Granted,Deffine Foods Ltd,,Kopernik Deli,"21 Station Road, Bognor Regis, West Sussex, PO21 1QD",19/06/2017,,Arun
9745,Licensing Act 2003,Premises Licence,Granted,Mr David Vernon Carlyle,,Carlyle's Cafe & Restaurant,"2, Norfolk House, 15, Felpham Road, Felpham, Bognor Regis, West Sussex, PO22 7DA",20/08/2010,,Arun
114092,Licensing Act 2003,Premises Licence,Granted,Khawar Shahzad,,Sussex News,"15B Surrey Street, LITTLEHAMPTON, West Sussex, BN17 5AZ",01/03/2022,,Arun
10898,Licensing Act 2003,Premises Licence,Granted,Mr Harshad Jayanti Patel,,Elmer Beach Store,"91 - 93 Elmer Road, Middleton-on-sea, BOGNOR REGIS, West Sussex, PO22 6HB",06/12/2011,,Arun
115392,Licensing Act 2003,Premises Licence,Granted,Mitchells and Butlers Leisure Retail Limited,,The Southdowns,"THE SOUTHDOWNS, 133, Felpham Way, Felpham, BOGNOR REGIS, West Sussex, PO22 8QJ",15/02/2022,,Arun
10955,Licensing Act 2003,Premises Licence,Granted,Haskins Garden Centres Limited,,HASKINS GARDEN CENTRES LIMITED,"HASKINS ROUNDSTONE, Roundstone-by-pass, Angmering, LITTLEHAMPTON, West Sussex, BN16 4BD",11/03/2022,,Arun
6527,Licensing Act 2003,Premises Licence,Granted,Mr Bhavik Patel,,Pick a Wish,"51 High Street, Bognor Regis, West Sussex, PO21 1RX",24/11/2005,,Arun
115536,Licensing Act 2003,Premises Licence,Granted,Tesco Stores Limited,,Tesco Stores Limited,"15 - 17 Station Road, Bognor Regis, West Sussex, PO21 1QD",15/03/2022,,Arun
6865,Licensing Act 2003,Premises Licence,Granted,HARTLEYS FOOD & DRINKS LTD,,HARTLEYS FOOD & DRINKS LTD,"14 Worthing Road, Rustington, LITTLEHAMPTON, West Sussex, BN16 3JX",18/03/2022,,Arun
116081,Licensing Act 2003,Premises Licence,Granted,Ferring Country Centre Limited,,Ferring Country Centre,"Ferring Country Centre And Riding Stables, Rife Way, Ferring, Worthing, West Sussex, BN12 5JZ",13/04/2022,,Arun
9221,Licensing Act 2003,Premises Licence,Granted,Michael Anthony Lyons,,THE STEAKIST,"41 High Street, Arundel, West Sussex, BN18 9AG",22/03/2022,,Arun
6672,Licensing Act 2003,Premises Licence,Granted,S&S @ The Fox Patching Ltd,,The Fox Inn,"THE FOX INN, Arundel Road, Patching, WORTHING, West Sussex, BN13 3UJ",15/03/2022,,Arun
114616,Licensing Act 2003,Premises Licence,Granted,Iceland Foods Ltd,,Iceland Foods Limited,"19 - 23 Surrey Street, LITTLEHAMPTON, West Sussex, BN17 5AY",29/01/2010,,Arun
6439,Licensing Act 2003,Premises Licence,Granted,Mr Michael Ross Etherington,,Motte & Bailey Cafe,"49 High Street, Arundel, West Sussex, BN18 9AG",13/05/2016,,Arun
6883,Licensing Act 2003,Premises Licence,Granted,Arundel Castle Trustees Ltd,,Arundel Castle Restaurant,,23/03/2022,,Arun
13300,Licensing Act 2003,Premises Licence,Granted,Tesco Stores Limited,,"Tesco Express, Barnham.","28 Barnham Road, Eastergate, BOGNOR REGIS, West Sussex, PO22 0ES",24/03/2022,,Arun
116213,Licensing Act 2003,Premises Licence,Granted,MaeRose Distillery Ltd,,MaeRose Distillery Ltd,"3 Carnation Close, LITTLEHAMPTON, West Sussex, BN17 6WR",03/05/2022,,Arun
6572,Licensing Act 2003,Premises Licence,Granted,Mr Orhan Gundogdu,,Charcoal Restaurant,"31A Station Road, Bognor Regis, West Sussex, PO21 1QD",08/01/2021,,Arun
114290,Licensing Act 2003,Premises Licence,Granted,Co-Operative Group Food LTD,,Co-operative Group Food Ltd,"SHOP AROUND THE CLOCK AND ALDINGBOURNE POST OFFICE, Westergate Street, Westergate, CHICHESTER, West Sussex, PO20 3QL",21/04/2022,,Arun
116317,Licensing Act 2003,Premises Licence,Granted,Mr Rawa Kader Ahmed,,Pop In,"14 High Street, LITTLEHAMPTON, West Sussex, BN17 5EE",27/05/2022,,Arun
116319,Licensing Act 2003,Premises Licence,Granted,Fauna Drinks Ltd,,The Old Engine Shed,"Old Engine Shed, 6A, London Road, Arundel, West Sussex, BN18 9AT",26/05/2022,,Arun
116353,Licensing Act 2003,Premises Licence,Granted,KOYE 2009 Ltd,,V&D Station,"16 Station Road, BOGNOR REGIS, West Sussex, PO21 1QE",01/06/2022,,Arun
113104,Licensing Act 2003,Premises Licence,Granted,Mr Julian Clayton,,Rassasy,"50 Ferring Street, Ferring, Worthing, West Sussex, BN12 5JP",10/02/2020,,Arun
116459,Licensing Act 2003,Premises Licence,Granted,Metsan LTD,,The Mezze Turkish Restaurant,"4 The Arcade, Bognor Regis, West Sussex, PO21 1LH",28/06/2022,,Arun
114367,Licensing Act 2003,Premises Licence,Granted,Thai Time Midhurst Ltd,,Thai Time,"61 High Street, Arundel, West Sussex, BN18 9AJ",06/01/2021,,Arun
116496,Licensing Act 2003,Premises Licence,Granted,SOFIA MARKET Ltd,,SOFIA MARKET,"53 High Street, Bognor Regis, West Sussex, PO21 1RX",28/06/2022,,Arun
116507,Licensing Act 2003,Premises Licence,Granted,Slindon College Ltd,,Slindon House,"Slindon College, Top Road, Slindon, Arundel, West Sussex, BN18 0RH",30/06/2022,,Arun
116602,Licensing Act 2003,Premises Licence,Granted,Mr Peter Leach,,The Seaview Hotel,"SEAVIEW HOTEL, 127, Sea Road, East Preston, LITTLEHAMPTON, West Sussex, BN16 1PD",04/08/2016,,Arun
6570,Licensing Act 2003,Premises Licence,Granted,Haven Leisure Ltd,,Church Farm Holiday Village,"CHURCH FARM HOLIDAY VILLAGE, Church Lane, Pagham, BOGNOR REGIS, West Sussex, PO21 4NR",20/04/2018,,Arun
114092,Licensing Act 2003,Premises Licence,Granted,Gondals Sussex Ltd,,Sussex News,"15B Surrey Street, LITTLEHAMPTON, West Sussex, BN17 5AZ",11/01/2021,,Arun
6920,Licensing Act 2003,Premises Licence,Granted,La Campania,,La Campania,"51 High Street, Arundel, West Sussex, BN18 9AJ",20/09/2010,,Arun
114437,Licensing Act 2003,Premises Licence,Granted,Beach Cafe Services Ltd,,Kitesurf Beach Caf,"The Beach Cafe, Sea Road, Rustington, Littlehampton, West Sussex, BN16 2NA",23/02/2021,,Arun
7740,Licensing Act 2003,Premises Licence,Granted,Middleton Sports Club Ltd,,Middleton Sports Club Limited,"MIDDLETON SPORTS CLUB, 3, Sea Lane, Middleton-on-sea, BOGNOR REGIS, West Sussex, PO22 7RH",26/10/2021,,Arun
12718,Licensing Act 2003,Premises Licence,Granted,Cissbury Enterprises Ltd,,Cissbury House,"CISSBURY, Nepcote, Findon, WORTHING, West Sussex, BN14 0SR",14/01/2014,,Arun
12561,Licensing Act 2003,Premises Licence,Granted,WM Morrisons Supermarkets Limited,,M Fuel,"MORRISONS SUPERMARKET, Hawthorn Road, LITTLEHAMPTON, West Sussex, BN17 7LT",05/02/2020,,Arun
116733,Licensing Act 2003,Premises Licence,Granted,Mrs Kimberly Ward,,The Pea Pod Arundel,"1, TARRANT SQUARE, Tarrant Street, ARUNDEL, West Sussex, BN18 9DE",01/11/2022,,Arun
6861,Licensing Act 2003,Premises Licence,Granted,Mr Michael John Lacy,,The Navigator Hotel,"Navigator Hotel, 13 - 14, Marine Drive West, Bognor Regis, West Sussex, PO21 2QA",24/11/2005,,Arun
116761,Licensing Act 2003,Premises Licence,Granted,Juniper Arundel Ltd,,Juniper,"37 Tarrant Street, Arundel, West Sussex, BN18 9DG",16/08/2022,,Arun
6433,Licensing Act 2003,Premises Licence,Granted,Mr Ketulkumar Vinodchandra Patel,,PATEL NEWS,"29 West Street, BOGNOR REGIS, West Sussex, PO21 1XA",27/02/2015,,Arun
116917,Licensing Act 2003,Premises Licence,Granted,Mr George Arulrajah Antony,,BANANA LEAF CAFE,"39 Worthing Road, Rustington, Littlehampton, West Sussex, BN16 3JU",14/09/2022,,Arun
6603,Licensing Act 2003,Premises Licence,Granted,Mr Roger James Tester,,The Richmond Arms,"RICHMOND ARMS, 224, London Road, BOGNOR REGIS, West Sussex, PO21 1AU",31/08/2022,,Arun
6803,Licensing Act 2003,Premises Licence,Granted,Southern Co-Operative Ltd,,Co-op,"68 - 70 Rose Green Road, Aldwick, BOGNOR REGIS, West Sussex, PO21 3EQ",06/09/2022,,Arun
116957,Licensing Act 2003,Premises Licence,Granted,Mrs Hanna Gorczyca,,Cafe Punjab,"80 High Street, BOGNOR REGIS, West Sussex, PO21 1RZ",24/10/2022,,Arun
116994,Licensing Act 2003,Premises Licence,Granted,TOTF Ltd,,The Orange Tree,"7 Sea Lane, Ferring, Worthing, West Sussex, BN12 5DP",19/10/2022,,Arun
9673,Licensing Act 2003,Premises Licence,Granted,Tesco Stores Limited,,Tesco Express,"126 Felpham Way, Felpham, BOGNOR REGIS, West Sussex, PO22 8QL",27/03/2018,,Arun
8611,Licensing Act 2003,Premises Licence,Granted,Tesco Stores Limited,,Tesco Stores Limited,"TESCO STORE, Broad Piece, LITTLEHAMPTON, West Sussex, BN17 5RA",07/10/2022,,Arun
117086,Licensing Act 2003,Premises Licence,Granted,Ms Sacha Rees,,139 Steps,"28 High Street, Arundel, West Sussex, BN18 9AB",15/11/2022,,Arun
6701,Licensing Act 2003,Premises Licence,Granted,Miss Sarah Louise Watts,,Village House Hotel,"VILLAGE HOUSE HOTEL, The Square, Findon, WORTHING, West Sussex, BN14 0TE",19/12/2012,,Arun
117243,Licensing Act 2003,Premises Licence,Granted,Mr & Mrs Faye & Erik Childerhouse,,Green & Coal,"5 - 7 Tarrant Street, Arundel, West Sussex, BN18 9DG",10/01/2023,,Arun
117243,Licensing Act 2003,Premises Licence,Granted,Mr & Mrs Faye & Erik Childerhouse,,Green & Coal,"5 - 7 Tarrant Street, Arundel, West Sussex, BN18 9DG",10/01/2023,,Arun
6935,Licensing Act 2003,Premises Licence,Granted,Punch Partnerships (PTL) Ltd,,Victoria Inn,"Victoria Inn, Charlwood Street, Bognor Regis, West Sussex, PO21 2PQ",24/11/2005,,Arun
111382,Licensing Act 2003,Premises Licence,Granted,Shell UK Oil Products Limited,,Shell Little Waitrose Fontwell,"SHELL WAITROSE FONTWELL, Arundel Road, Fontwell, ARUNDEL, West Sussex, BN18 0SB",21/01/2022,,Arun
115173,Licensing Act 2003,Premises Licence,Granted,Iberica Delicatessen LTD,,Iberica delicatessen,"6 Bayford Road, Littlehampton, West Sussex, BN17 5HL",10/09/2021,,Arun
117273,Licensing Act 2003,Premises Licence,Granted,Mr Amanulla Masakhaila,,Perfect Pizza,"9, THE PARADE, Willowhayne Crescent, East Preston, LITTLEHAMPTON, West Sussex, BN16 1NS",09/01/2023,,Arun
8566,Licensing Act 2003,Premises Licence,Granted,SUHARAD SERVICES LTD,,CRAIGWELL NEWS,"91 Barrack Lane, Aldwick, BOGNOR REGIS, West Sussex, PO21 4DX",07/11/2008,,Arun
117366,Licensing Act 2003,Premises Licence,Granted,V H Store Ltd,,Maxted News and Food,"16 Worthing Road, Rustington, LITTLEHAMPTON, West Sussex, BN16 3JX",23/12/2022,,Arun
117366,Licensing Act 2003,Premises Licence,Granted,V H Store Ltd,,Maxted News and Food,"16 Worthing Road, Rustington, LITTLEHAMPTON, West Sussex, BN16 3JX",23/12/2022,,Arun
6367,Licensing Act 2003,Premises Licence,Granted,Greene King Brewing and Retailing Limited,,Lamb Inn,"LAMB INN, 73, The Street, Rustington, LITTLEHAMPTON, West Sussex, BN16 3NU",24/11/2022,,Arun
6367,Licensing Act 2003,Premises Licence,Granted,Greene King Brewing and Retailing Limited,,Lamb Inn,"LAMB INN, 73, The Street, Rustington, LITTLEHAMPTON, West Sussex, BN16 3NU",24/11/2022,,Arun
6635,Licensing Act 2003,Premises Licence,Granted,The Craft Union Pub Company Ltd,,The Alex,"Alexandra Tavern, 56, London Road, Bognor Regis, West Sussex, PO21 1PU",20/10/2021,,Arun
10914,Licensing Act 2003,Premises Licence,Granted,Savers Health & Beauty Ltd,,Savers Health and Beauty Limited,"43 London Road, BOGNOR REGIS, West Sussex, PO21 1PQ",05/12/2022,,Arun
6579,Licensing Act 2003,Premises Licence,Granted,Bestway Retail Ltd,,Central Stores,"ELM TREE STORES , Nyton Road, Eastergate, CHICHESTER, West Sussex, PO20 3UP",07/12/2022,,Arun
115618,Licensing Act 2003,Premises Licence,Granted,WM Morrisons Supermarkets Limited,,MORRISONS,"MORRISONS SUPERMARKET, Hawthorn Road, LITTLEHAMPTON, West Sussex, BN17 7LT",09/11/2021,,Arun
6458,Licensing Act 2003,Premises Licence,Granted,Lowman Hotels (Arundel) Limited,,Avisford Park Hotel,"Avisford Park Hotel, Yapton Lane, Walberton, Arundel, West Sussex, BN18 0LS",25/03/2014,,Arun
6459,Licensing Act 2003,Premises Licence,Granted,Lowman Hotels (Arundel) Limited,,Avisford Park Hotel,"Avisford Park Golf Club, Yapton Lane, Walberton, Arundel, West Sussex, BN18 0LS",27/01/2011,,Arun
8699,Licensing Act 2003,Premises Licence,Granted,Motor Fuel Limited,,Rose Green Service Station,"Rose Green Service Station, 10, Hewarts Lane, Aldwick, Bognor Regis, West Sussex, PO21 3DS",08/12/2022,,Arun
117461,Licensing Act 2003,Premises Licence,Granted,Pete's Pool Club Ltd,,Pete's Pool Club,"18 Beach Road, Littlehampton, West Sussex, BN17 5HT",10/01/2023,,Arun
117461,Licensing Act 2003,Premises Licence,Granted,Pete's Pool Club Ltd,,Pete's Pool Club,"18 Beach Road, Littlehampton, West Sussex, BN17 5HT",10/01/2023,,Arun
5858,Licensing Act 2003,Premises Licence,Granted,Rontec Watford Limited,,Crossbush Service Station,"PETROL FILLING STATION, Lyminster Road, Lyminster, LITTLEHAMPTON, West Sussex, BN17 7QQ",19/02/2021,,Arun
6790,Licensing Act 2003,Premises Licence,Granted,Motor Fuel Limited,,Westergate Service Station,"ALDINGBOURNE MOTORS, Nyton Road, Westergate, CHICHESTER, West Sussex, PO20 3UN",23/09/2020,,Arun
6670,Licensing Act 2003,Premises Licence,Granted,Iceland Foods Ltd,,Iceland Foods Limited,"72 - 74 High Street, BOGNOR REGIS, West Sussex, PO21 1SJ",17/03/2016,,Arun
117562,Licensing Act 2003,Premises Licence,Granted,Mr John Paton,,Victoria Institute Arundel,"Victoria Institute, 10, Tarrant Street, Arundel, West Sussex, BN18 9DG",11/02/2023,,Arun
113074,Licensing Act 2003,Premises Licence,Granted,Firebird Littlehampton LTD,,Firebird Littlehampton Ltd,"52 High Street, Littlehampton, West Sussex, BN17 5EA",18/01/2023,,Arun
117621,Licensing Act 2003,Premises Licence,Granted,Karen Hope,,suga kane,"9 - 11 York Road, Bognor Regis, West Sussex, PO21 1LW",23/02/2023,,Arun
117621,Licensing Act 2003,Premises Licence,Granted,Karen Hope,,suga kane,"9 - 11 York Road, Bognor Regis, West Sussex, PO21 1LW",23/02/2023,,Arun
115217,Licensing Act 2003,Premises Licence,Granted,Iceland Foods Ltd,,Iceland Foods Limited,"UNIT 1A , THE BOGNOR REGIS RETAIL PARK, Rowan Way, Bersted, BOGNOR REGIS, West Sussex, PO22 9TR",25/10/2021,,Arun
6835,Licensing Act 2003,Premises Licence,Granted,Hall and Woodhouse Ltd,,St Marys Gate Inn,"ST MARYS GATE INN, London Road, ARUNDEL, West Sussex, BN18 9BA",28/08/2013,,Arun
6757,Licensing Act 2003,Premises Licence,Granted,Whitbread Group PLC,,Regis Brewers Fayre,"THE REGIS , The Esplanade, BOGNOR REGIS, West Sussex, PO21 1PJ",17/05/2019,,Arun
6375,Licensing Act 2003,Premises Licence,Granted,Whitbread Group PLC,,The Roundstone,"THE ROUNDSTONE INN, Roundstone Lane, Angmering, LITTLEHAMPTON, West Sussex, BN16 1EB",31/08/2018,,Arun
13425,Licensing Act 2003,Premises Licence,Granted,Tesco Stores Limited,,Tesco Stores Limited,"194 - 196 Pagham Road, Pagham, BOGNOR REGIS, West Sussex, PO21 3QB",15/11/2014,,Arun
12342,Licensing Act 2003,Premises Licence,Granted,Sainsbury's Supermarkets Ltd,,Sainsbury's,"SAINSBURYS SUPERSTORE, New Road, Rustington, LITTLEHAMPTON, West Sussex, BN16 3RT",04/12/2018,,Arun
7951,Licensing Act 2003,Premises Licence,Granted,The Craft Union Pub Company Limited,,The Craft Union Pub Company Ltd,"13 High Street, BOGNOR REGIS, West Sussex, PO21 1RJ",18/08/2017,,Arun
115408,Licensing Act 2003,Premises Licence,Granted,Loungers UK Limited,,Bonito Lounge,"1 London Road, BOGNOR REGIS, West Sussex, PO21 1PQ",05/11/2021,,Arun
